zone_id,year,radiance,lit_km2
r-baranavicki,2012,4450.0,211.117
r-brescki,2012,15263.0,427.788
r-biarozauski,2012,2746.0,176.634
r-hancavicki,2012,433.0,30.998
r-drahichynski,2012,534.0,49.586
r-zhabinkauski,2012,1471.0,105.27
r-ivanauski,2012,1372.0,95.851
r-ivacevicki,2012,1592.0,131.094
r-kamianiecki,2012,1161.0,108.076
r-kobrynski,2012,2302.0,141.859
r-luniniecki,2012,1783.0,124.617
r-lachavicki,2012,229.0,24.715
r-malarycki,2012,521.0,50.995
r-pinski,2012,2786.0,190.596
r-pruzhanski,2012,1322.0,137.742
r-stolinski,2012,944.0,111.189
r-arshanski,2012,7240.0,235.06
r-bieshankovicki,2012,172.0,20.088
r-braslauski,2012,360.0,34.313
r-vierchniadzvinski,2012,650.0,62.834
r-viciebski,2012,27053.0,398.791
r-haradocki,2012,435.0,41.151
r-hlybocki,2012,1051.0,70.323
r-dokshycki,2012,849.0,51.31
r-dubrovienski,2012,822.0,57.765
r-loznienski,2012,693.0,45.373
r-lepielski,2012,1775.0,79.046
r-mijorski,2012,400.0,29.543
r-pastauski,2012,635.0,52.665
r-polacki,2012,8380.0,256.106
r-rasonski,2012,253.0,15.929
r-siennienski,2012,597.0,45.487
r-talachynski,2012,619.0,52.943
r-ushacki,2012,114.0,11.916
r-chashnicki,2012,760.0,48.338
r-sharkoushchynski,2012,254.0,20.419
r-shumilinski,2012,539.0,38.088
r-akciabrski,2012,582.0,52.881
r-brahinski,2012,180.0,20.825
r-buda-kashalouski,2012,1206.0,119.115
r-vietkauski,2012,566.0,65.002
r-homielski,2012,17577.0,601.502
r-dobrushski,2012,751.0,71.153
r-jelski,2012,435.0,39.411
r-zhlobinski,2012,4695.0,185.07
r-zhytkavicki,2012,350.0,40.625
r-kalinkavicki,2012,1005.0,72.158
r-karmianski,2012,480.0,44.806
r-lelchycki,2012,344.0,34.1
r-lojeuski,2012,538.0,45.992
r-mazyrski,2012,4683.0,271.033
r-naraulanski,2012,182.0,20.896
r-pietrykauski,2012,447.0,48.795
r-rahachouski,2012,893.0,76.602
r-rechycki,2012,2959.0,205.97
r-svietlahorski,2012,2673.0,173.887
r-chojnicki,2012,450.0,44.078
r-chacherski,2012,137.0,15.051
r-astraviecki,2012,1231.0,80.856
r-ashmianski,2012,717.0,55.939
r-bierastavicki,2012,582.0,52.555
r-vaukavyski,2012,1855.0,136.21
r-voranauski,2012,635.0,66.716
r-hrodzienski,2012,14226.0,518.942
r-dziatlauski,2012,356.0,36.914
r-zelvienski,2012,209.0,23.226
r-iujeuski,2012,513.0,49.834
r-karelicki,2012,379.0,46.084
r-lidski,2012,2838.0,155.54
r-mastouski,2012,646.0,63.07
r-navahrudski,2012,452.0,32.796
r-svislacki,2012,333.0,34.978
r-slonimski,2012,2013.0,139.551
r-smarhonski,2012,1135.0,86.839
r-shchuchynski,2012,1014.0,102.382
r-barysauski,2012,7128.0,317.797
r-biarezinski,2012,848.0,59.574
r-valozhynski,2012,678.0,67.962
r-vilejski,2012,1341.0,125.723
r-dziarzhynski,2012,3137.0,179.887
r-kapylski,2012,1029.0,101.13
r-klecki,2012,566.0,61.374
r-krupski,2012,1247.0,104.314
r-lahojski,2012,1992.0,185.386
r-lubanski,2012,738.0,51.891
r-maladziechanski,2012,3478.0,192.626
r-minski,2012,46954.0,1260.579
r-miadzielski,2012,941.0,97.79
r-niasvizhski,2012,1725.0,116.881
r-puchavicki,2012,2294.0,175.615
r-salihorski,2012,3913.0,211.764
r-slucki,2012,2157.0,172.912
r-smalavicki,2012,5590.0,364.828
r-staradarozhski,2012,871.0,68.035
r-staubcouski,2012,912.0,77.041
r-uzdzienski,2012,474.0,49.272
r-chervienski,2012,1226.0,98.087
r-asipovicki,2012,991.0,73.998
r-babrujski,2012,4281.0,160.147
r-bychauski,2012,523.0,47.958
r-bialynicki,2012,426.0,34.933
r-hluski,2012,141.0,15.189
r-horacki,2012,1628.0,84.02
r-drybinski,2012,76.0,8.959
r-kasciukovicki,2012,1045.0,62.389
r-kirauski,2012,282.0,31.676
r-klimavicki,2012,433.0,34.339
r-klichauski,2012,245.0,26.38
r-krasnapolski,2012,97.0,11.061
r-kruhlanski,2012,114.0,11.944
r-krychauski,2012,1703.0,101.325
r-mahilouski,2012,11401.0,403.564
r-mscislauski,2012,783.0,71.081
r-slauharadski,2012,261.0,20.755
r-chocimski,2012,114.0,12.563
r-chavuski,2012,292.0,27.32
r-cherykauski,2012,147.0,15.953
r-shklouski,2012,1739.0,110.849
BY-HM,2012,37971.0,215.831
BY,2012,317315.0,13460.297
r-baranavicki,2013,8002.0,320.262
r-brescki,2013,19439.0,512.05
r-biarozauski,2013,3392.0,191.425
r-hancavicki,2013,626.0,38.303
r-drahichynski,2013,447.0,45.363
r-zhabinkauski,2013,1666.0,114.888
r-ivanauski,2013,1621.0,102.718
r-ivacevicki,2013,2618.0,180.749
r-kamianiecki,2013,1420.0,119.217
r-kobrynski,2013,2843.0,173.645
r-luniniecki,2013,2893.0,175.43
r-lachavicki,2013,607.0,56.922
r-malarycki,2013,683.0,56.588
r-pinski,2013,4685.0,261.951
r-pruzhanski,2013,1595.0,149.736
r-stolinski,2013,2160.0,214.234
r-arshanski,2013,10791.0,430.458
r-bieshankovicki,2013,334.0,37.694
r-braslauski,2013,474.0,41.133
r-vierchniadzvinski,2013,752.0,71.065
r-viciebski,2013,51342.0,777.329
r-haradocki,2013,641.0,62.806
r-hlybocki,2013,1482.0,95.277
r-dokshycki,2013,1193.0,71.762
r-dubrovienski,2013,1268.0,96.349
r-loznienski,2013,1348.0,97.409
r-lepielski,2013,2584.0,123.352
r-mijorski,2013,576.0,46.326
r-pastauski,2013,1021.0,73.7
r-polacki,2013,11279.0,402.816
r-rasonski,2013,328.0,20.032
r-siennienski,2013,897.0,68.418
r-talachynski,2013,992.0,89.867
r-ushacki,2013,127.0,13.763
r-chashnicki,2013,1198.0,82.275
r-sharkoushchynski,2013,472.0,36.797
r-shumilinski,2013,856.0,66.272
r-akciabrski,2013,825.0,70.369
r-brahinski,2013,280.0,30.965
r-buda-kashalouski,2013,1447.0,143.135
r-vietkauski,2013,668.0,78.448
r-homielski,2013,21079.0,758.812
r-dobrushski,2013,774.0,75.353
r-jelski,2013,752.0,67.068
r-zhlobinski,2013,7241.0,253.893
r-zhytkavicki,2013,643.0,61.727
r-kalinkavicki,2013,1426.0,98.263
r-karmianski,2013,797.0,74.887
r-lelchycki,2013,484.0,41.817
r-lojeuski,2013,754.0,63.482
r-mazyrski,2013,7407.0,340.939
r-naraulanski,2013,539.0,58.67
r-pietrykauski,2013,647.0,67.783
r-rahachouski,2013,1203.0,102.183
r-rechycki,2013,3677.0,252.547
r-svietlahorski,2013,3722.0,231.1
r-chojnicki,2013,615.0,62.145
r-chacherski,2013,174.0,19.336
r-astraviecki,2013,1694.0,107.375
r-ashmianski,2013,843.0,66.575
r-bierastavicki,2013,719.0,66.186
r-vaukavyski,2013,1997.0,144.452
r-voranauski,2013,807.0,73.923
r-hrodzienski,2013,17313.0,676.924
r-dziatlauski,2013,562.0,48.046
r-zelvienski,2013,244.0,25.674
r-iujeuski,2013,776.0,69.93
r-karelicki,2013,624.0,70.275
r-lidski,2013,3590.0,184.721
r-mastouski,2013,650.0,54.491
r-navahrudski,2013,913.0,52.831
r-svislacki,2013,396.0,41.589
r-slonimski,2013,2998.0,181.046
r-smarhonski,2013,1739.0,125.718
r-shchuchynski,2013,1607.0,145.47
r-barysauski,2013,12887.0,583.481
r-biarezinski,2013,1386.0,103.021
r-valozhynski,2013,1288.0,118.25
r-vilejski,2013,2670.0,227.972
r-dziarzhynski,2013,7849.0,340.998
r-kapylski,2013,2746.0,274.932
r-klecki,2013,1162.0,115.871
r-krupski,2013,2318.0,204.027
r-lahojski,2013,3763.0,300.278
r-lubanski,2013,1069.0,71.549
r-maladziechanski,2013,6041.0,300.321
r-minski,2013,83985.0,1654.934
r-miadzielski,2013,1262.0,121.719
r-niasvizhski,2013,3215.0,211.896
r-puchavicki,2013,4588.0,356.255
r-salihorski,2013,6006.0,278.227
r-slucki,2013,3938.0,299.454
r-smalavicki,2013,11322.0,664.79
r-staradarozhski,2013,1354.0,100.491
r-staubcouski,2013,1498.0,113.1
r-uzdzienski,2013,1205.0,107.871
r-chervienski,2013,1974.0,167.925
r-asipovicki,2013,1426.0,103.021
r-babrujski,2013,5737.0,218.85
r-bychauski,2013,788.0,72.532
r-bialynicki,2013,484.0,43.674
r-hluski,2013,210.0,22.07
r-horacki,2013,1978.0,132.123
r-drybinski,2013,143.0,17.034
r-kasciukovicki,2013,1224.0,69.829
r-kirauski,2013,494.0,51.384
r-klimavicki,2013,585.0,52.585
r-klichauski,2013,369.0,40.84
r-krasnapolski,2013,153.0,16.59
r-kruhlanski,2013,190.0,20.375
r-krychauski,2013,2097.0,123.369
r-mahilouski,2013,14983.0,634.965
r-mscislauski,2013,1337.0,124.838
r-slauharadski,2013,271.0,21.782
r-chocimski,2013,193.0,20.77
r-chavuski,2013,398.0,41.048
r-cherykauski,2013,123.0,13.91
r-shklouski,2013,2377.0,184.744
BY-HM,2013,53981.0,215.831
BY,2013,491173.0,19595.801
r-baranavicki,2014,6128.0,236.643
r-brescki,2014,15807.0,430.4
r-biarozauski,2014,2901.0,156.471
r-hancavicki,2014,500.0,28.402
r-drahichynski,2014,425.0,42.726
r-zhabinkauski,2014,1340.0,84.683
r-ivanauski,2014,1212.0,71.347
r-ivacevicki,2014,2142.0,137.742
r-kamianiecki,2014,1063.0,95.971
r-kobrynski,2014,2423.0,137.54
r-luniniecki,2014,2643.0,137.62
r-lachavicki,2014,470.0,45.543
r-malarycki,2014,588.0,48.195
r-pinski,2014,3634.0,195.221
r-pruzhanski,2014,1477.0,137.434
r-stolinski,2014,1526.0,163.882
r-arshanski,2014,7181.0,261.649
r-bieshankovicki,2014,195.0,20.08
r-braslauski,2014,460.0,36.728
r-vierchniadzvinski,2014,654.0,58.811
r-viciebski,2014,31719.0,455.809
r-haradocki,2014,608.0,46.482
r-hlybocki,2014,779.0,50.649
r-dokshycki,2014,815.0,53.43
r-dubrovienski,2014,986.0,67.356
r-loznienski,2014,777.0,52.904
r-lepielski,2014,1537.0,75.347
r-mijorski,2014,413.0,26.864
r-pastauski,2014,621.0,45.158
r-polacki,2014,11799.0,278.919
r-rasonski,2014,149.0,10.98
r-siennienski,2014,730.0,47.221
r-talachynski,2014,758.0,68.083
r-ushacki,2014,124.0,11.794
r-chashnicki,2014,942.0,54.553
r-sharkoushchynski,2014,218.0,12.961
r-shumilinski,2014,594.0,39.927
r-akciabrski,2014,702.0,60.585
r-brahinski,2014,282.0,28.699
r-buda-kashalouski,2014,1306.0,127.06
r-vietkauski,2014,648.0,71.373
r-homielski,2014,19071.0,604.696
r-dobrushski,2014,816.0,67.592
r-jelski,2014,600.0,40.6
r-zhlobinski,2014,6095.0,191.279
r-zhytkavicki,2014,589.0,55.943
r-kalinkavicki,2014,1253.0,82.813
r-karmianski,2014,655.0,64.296
r-lelchycki,2014,480.0,39.155
r-lojeuski,2014,581.0,59.357
r-mazyrski,2014,5444.0,266.543
r-naraulanski,2014,255.0,25.69
r-pietrykauski,2014,614.0,65.811
r-rahachouski,2014,1088.0,89.914
r-rechycki,2014,3388.0,203.741
r-svietlahorski,2014,2999.0,151.498
r-chojnicki,2014,622.0,54.969
r-chacherski,2014,201.0,22.966
r-astraviecki,2014,2118.0,96.754
r-ashmianski,2014,680.0,46.173
r-bierastavicki,2014,728.0,60.529
r-vaukavyski,2014,1997.0,117.794
r-voranauski,2014,577.0,58.028
r-hrodzienski,2014,15226.0,559.345
r-dziatlauski,2014,519.0,36.521
r-zelvienski,2014,279.0,27.734
r-iujeuski,2014,600.0,53.627
r-karelicki,2014,301.0,33.152
r-lidski,2014,2766.0,134.867
r-mastouski,2014,769.0,55.38
r-navahrudski,2014,646.0,38.273
r-svislacki,2014,495.0,50.921
r-slonimski,2014,2629.0,144.092
r-smarhonski,2014,1259.0,78.98
r-shchuchynski,2014,1168.0,104.259
r-barysauski,2014,9029.0,379.994
r-biarezinski,2014,852.0,74.811
r-valozhynski,2014,1002.0,81.73
r-vilejski,2014,1777.0,156.845
r-dziarzhynski,2014,6141.0,240.47
r-kapylski,2014,1253.0,123.56
r-klecki,2014,753.0,77.166
r-krupski,2014,1188.0,103.809
r-lahojski,2014,2822.0,250.421
r-lubanski,2014,1012.0,64.634
r-maladziechanski,2014,3984.0,190.622
r-minski,2014,59929.0,1368.751
r-miadzielski,2014,655.0,65.659
r-niasvizhski,2014,2243.0,137.503
r-puchavicki,2014,3392.0,231.666
r-salihorski,2014,4758.0,212.292
r-slucki,2014,2918.0,187.258
r-smalavicki,2014,7413.0,469.504
r-staradarozhski,2014,902.0,64.27
r-staubcouski,2014,1314.0,84.198
r-uzdzienski,2014,1153.0,80.633
r-chervienski,2014,1502.0,124.425
r-asipovicki,2014,1286.0,90.802
r-babrujski,2014,4674.0,170.366
r-bychauski,2014,785.0,60.232
r-bialynicki,2014,421.0,37.474
r-hluski,2014,218.0,19.209
r-horacki,2014,1282.0,82.385
r-drybinski,2014,99.0,11.984
r-kasciukovicki,2014,955.0,53.011
r-kirauski,2014,563.0,54.197
r-klimavicki,2014,434.0,36.12
r-klichauski,2014,333.0,34.952
r-krasnapolski,2014,124.0,15.172
r-kruhlanski,2014,177.0,17.86
r-krychauski,2014,2135.0,93.96
r-mahilouski,2014,11082.0,414.88
r-mscislauski,2014,723.0,73.862
r-slauharadski,2014,273.0,22.304
r-chocimski,2014,146.0,15.515
r-chavuski,2014,324.0,33.549
r-cherykauski,2014,132.0,13.789
r-shklouski,2014,1497.0,108.841
BY-HM,2014,41103.0,215.831
BY,2014,372276.0,14466.948
r-baranavicki,2015,5236.0,209.944
r-brescki,2015,12310.0,347.882
r-biarozauski,2015,2201.0,130.668
r-hancavicki,2015,369.0,21.62
r-drahichynski,2015,328.0,32.183
r-zhabinkauski,2015,971.0,63.712
r-ivanauski,2015,925.0,51.448
r-ivacevicki,2015,1448.0,90.55
r-kamianiecki,2015,824.0,76.261
r-kobrynski,2015,1946.0,111.15
r-luniniecki,2015,2236.0,105.774
r-lachavicki,2015,310.0,31.576
r-malarycki,2015,477.0,39.407
r-pinski,2015,2598.0,133.032
r-pruzhanski,2015,1025.0,101.425
r-stolinski,2015,1158.0,122.427
r-arshanski,2015,6866.0,257.306
r-bieshankovicki,2015,175.0,18.114
r-braslauski,2015,289.0,22.366
r-vierchniadzvinski,2015,553.0,48.754
r-viciebski,2015,18910.0,413.481
r-haradocki,2015,586.0,45.015
r-hlybocki,2015,639.0,42.908
r-dokshycki,2015,718.0,47.972
r-dubrovienski,2015,787.0,56.898
r-loznienski,2015,685.0,43.904
r-lepielski,2015,1284.0,67.541
r-mijorski,2015,328.0,23.461
r-pastauski,2015,593.0,42.576
r-polacki,2015,8646.0,277.331
r-rasonski,2015,119.0,9.531
r-siennienski,2015,499.0,37.553
r-talachynski,2015,638.0,54.82
r-ushacki,2015,63.0,7.248
r-chashnicki,2015,657.0,38.897
r-sharkoushchynski,2015,167.0,10.881
r-shumilinski,2015,442.0,31.227
r-akciabrski,2015,507.0,45.31
r-brahinski,2015,169.0,17.752
r-buda-kashalouski,2015,1216.0,116.083
r-vietkauski,2015,438.0,47.386
r-homielski,2015,16370.0,553.477
r-dobrushski,2015,814.0,61.286
r-jelski,2015,462.0,27.953
r-zhlobinski,2015,5292.0,161.924
r-zhytkavicki,2015,401.0,40.378
r-kalinkavicki,2015,976.0,61.192
r-karmianski,2015,574.0,54.617
r-lelchycki,2015,345.0,26.772
r-lojeuski,2015,392.0,40.556
r-mazyrski,2015,4517.0,225.987
r-naraulanski,2015,187.0,19.297
r-pietrykauski,2015,429.0,43.122
r-rahachouski,2015,814.0,67.18
r-rechycki,2015,3533.0,171.392
r-svietlahorski,2015,2401.0,115.066
r-chojnicki,2015,428.0,34.912
r-chacherski,2015,230.0,20.886
r-astraviecki,2015,2377.0,94.124
r-ashmianski,2015,529.0,38.287
r-bierastavicki,2015,422.0,34.019
r-vaukavyski,2015,1449.0,87.238
r-voranauski,2015,453.0,47.797
r-hrodzienski,2015,11636.0,406.321
r-dziatlauski,2015,484.0,32.808
r-zelvienski,2015,187.0,17.283
r-iujeuski,2015,593.0,52.994
r-karelicki,2015,278.0,31.36
r-lidski,2015,2436.0,130.798
r-mastouski,2015,597.0,43.206
r-navahrudski,2015,745.0,49.888
r-svislacki,2015,280.0,29.155
r-slonimski,2015,2192.0,129.752
r-smarhonski,2015,1014.0,63.87
r-shchuchynski,2015,804.0,75.854
r-barysauski,2015,8383.0,324.38
r-biarezinski,2015,588.0,53.719
r-valozhynski,2015,877.0,75.421
r-vilejski,2015,1451.0,132.513
r-dziarzhynski,2015,4924.0,218.46
r-kapylski,2015,731.0,72.029
r-klecki,2015,460.0,50.104
r-krupski,2015,1002.0,84.646
r-lahojski,2015,2280.0,194.611
r-lubanski,2015,763.0,50.837
r-maladziechanski,2015,3433.0,170.254
r-minski,2015,46761.0,1150.769
r-miadzielski,2015,491.0,51.053
r-niasvizhski,2015,1863.0,123.699
r-puchavicki,2015,2778.0,183.661
r-salihorski,2015,4217.0,182.483
r-slucki,2015,2471.0,155.067
r-smalavicki,2015,6518.0,426.017
r-staradarozhski,2015,626.0,40.617
r-staubcouski,2015,1415.0,89.698
r-uzdzienski,2015,865.0,60.525
r-chervienski,2015,1184.0,101.536
r-asipovicki,2015,909.0,67.308
r-babrujski,2015,3885.0,150.225
r-bychauski,2015,528.0,46.808
r-bialynicki,2015,277.0,28.1
r-hluski,2015,140.0,14.146
r-horacki,2015,855.0,62.911
r-drybinski,2015,68.0,8.579
r-kasciukovicki,2015,746.0,51.078
r-kirauski,2015,498.0,41.837
r-klimavicki,2015,374.0,33.817
r-klichauski,2015,243.0,25.094
r-krasnapolski,2015,131.0,15.556
r-kruhlanski,2015,151.0,14.588
r-krychauski,2015,1565.0,74.733
r-mahilouski,2015,9320.0,379.734
r-mscislauski,2015,460.0,50.472
r-slauharadski,2015,179.0,16.024
r-chocimski,2015,145.0,14.356
r-chavuski,2015,201.0,21.355
r-cherykauski,2015,112.0,11.489
r-shklouski,2015,1168.0,89.591
BY-HM,2015,36885.0,215.831
BY,2015,298536.0,12031.115
r-baranavicki,2016,4717.0,213.064
r-brescki,2016,11682.0,349.909
r-biarozauski,2016,1830.0,121.099
r-hancavicki,2016,220.0,19.798
r-drahichynski,2016,275.0,27.693
r-zhabinkauski,2016,701.0,58.301
r-ivanauski,2016,693.0,53.037
r-ivacevicki,2016,906.0,63.844
r-kamianiecki,2016,798.0,76.01
r-kobrynski,2016,1449.0,100.864
r-luniniecki,2016,1770.0,98.412
r-lachavicki,2016,228.0,25.493
r-malarycki,2016,459.0,39.805
r-pinski,2016,2200.0,129.201
r-pruzhanski,2016,894.0,90.707
r-stolinski,2016,581.0,63.332
r-arshanski,2016,8424.0,342.07
r-bieshankovicki,2016,207.0,21.808
r-braslauski,2016,261.0,22.598
r-vierchniadzvinski,2016,509.0,43.555
r-viciebski,2016,23273.0,522.928
r-haradocki,2016,553.0,46.963
r-hlybocki,2016,668.0,45.74
r-dokshycki,2016,925.0,64.551
r-dubrovienski,2016,1017.0,71.078
r-loznienski,2016,827.0,58.207
r-lepielski,2016,1475.0,77.455
r-mijorski,2016,437.0,26.018
r-pastauski,2016,443.0,40.486
r-polacki,2016,9619.0,283.037
r-rasonski,2016,137.0,11.221
r-siennienski,2016,660.0,46.608
r-talachynski,2016,763.0,74.963
r-ushacki,2016,55.0,6.756
r-chashnicki,2016,739.0,48.965
r-sharkoushchynski,2016,177.0,13.816
r-shumilinski,2016,583.0,40.414
r-akciabrski,2016,395.0,32.382
r-brahinski,2016,173.0,19.223
r-buda-kashalouski,2016,1529.0,157.701
r-vietkauski,2016,649.0,61.618
r-homielski,2016,17851.0,596.877
r-dobrushski,2016,833.0,63.378
r-jelski,2016,434.0,36.2
r-zhlobinski,2016,5740.0,186.488
r-zhytkavicki,2016,404.0,40.371
r-kalinkavicki,2016,1054.0,65.954
r-karmianski,2016,691.0,64.814
r-lelchycki,2016,249.0,19.986
r-lojeuski,2016,329.0,36.58
r-mazyrski,2016,4713.0,249.198
r-naraulanski,2016,265.0,27.945
r-pietrykauski,2016,413.0,39.572
r-rahachouski,2016,991.0,75.322
r-rechycki,2016,3872.0,193.245
r-svietlahorski,2016,3043.0,129.824
r-chojnicki,2016,433.0,36.782
r-chacherski,2016,169.0,15.958
r-astraviecki,2016,2364.0,107.92
r-ashmianski,2016,518.0,40.032
r-bierastavicki,2016,499.0,40.585
r-vaukavyski,2016,1436.0,82.743
r-voranauski,2016,375.0,38.835
r-hrodzienski,2016,11319.0,416.617
r-dziatlauski,2016,316.0,25.633
r-zelvienski,2016,162.0,15.994
r-iujeuski,2016,431.0,41.119
r-karelicki,2016,230.0,25.339
r-lidski,2016,2177.0,122.801
r-mastouski,2016,422.0,33.845
r-navahrudski,2016,777.0,46.447
r-svislacki,2016,265.0,27.203
r-slonimski,2016,1827.0,118.11
r-smarhonski,2016,1038.0,65.369
r-shchuchynski,2016,712.0,63.098
r-barysauski,2016,10915.0,459.677
r-biarezinski,2016,790.0,79.253
r-valozhynski,2016,858.0,78.449
r-vilejski,2016,1667.0,159.946
r-dziarzhynski,2016,4695.0,262.03
r-kapylski,2016,603.0,54.597
r-klecki,2016,414.0,42.462
r-krupski,2016,1515.0,136.903
r-lahojski,2016,2982.0,270.571
r-lubanski,2016,870.0,63.97
r-maladziechanski,2016,3791.0,203.918
r-minski,2016,53682.0,1265.372
r-miadzielski,2016,585.0,65.66
r-niasvizhski,2016,1902.0,134.003
r-puchavicki,2016,3085.0,222.098
r-salihorski,2016,4699.0,229.831
r-slucki,2016,2700.0,182.126
r-smalavicki,2016,7976.0,500.69
r-staradarozhski,2016,730.0,48.488
r-staubcouski,2016,1299.0,85.336
r-uzdzienski,2016,854.0,67.433
r-chervienski,2016,1486.0,122.899
r-asipovicki,2016,1058.0,77.729
r-babrujski,2016,4311.0,182.382
r-bychauski,2016,498.0,45.144
r-bialynicki,2016,263.0,24.804
r-hluski,2016,109.0,12.588
r-horacki,2016,828.0,63.291
r-drybinski,2016,74.0,9.336
r-kasciukovicki,2016,638.0,45.945
r-kirauski,2016,418.0,47.246
r-klimavicki,2016,368.0,34.842
r-klichauski,2016,254.0,27.008
r-krasnapolski,2016,58.0,7.45
r-kruhlanski,2016,127.0,13.456
r-krychauski,2016,1113.0,77.654
r-mahilouski,2016,10457.0,422.327
r-mscislauski,2016,368.0,41.369
r-slauharadski,2016,147.0,13.713
r-chocimski,2016,94.0,9.742
r-chavuski,2016,161.0,17.412
r-cherykauski,2016,155.0,13.664
r-shklouski,2016,1432.0,111.868
BY-HM,2016,40568.0,215.831
BY,2016,322556.0,13177.551
r-baranavicki,2017,4922.0,269.422
r-brescki,2017,11278.0,417.275
r-biarozauski,2017,1926.0,157.509
r-hancavicki,2017,317.0,30.88
r-drahichynski,2017,386.0,44.178
r-zhabinkauski,2017,944.0,87.713
r-ivanauski,2017,758.0,71.369
r-ivacevicki,2017,1337.0,108.26
r-kamianiecki,2017,1294.0,131.96
r-kobrynski,2017,1685.0,147.717
r-luniniecki,2017,2173.0,155.307
r-lachavicki,2017,443.0,52.546
r-malarycki,2017,591.0,61.224
r-pinski,2017,2687.0,186.58
r-pruzhanski,2017,1260.0,139.494
r-stolinski,2017,1081.0,121.465
r-arshanski,2017,10445.0,348.153
r-bieshankovicki,2017,324.0,37.197
r-braslauski,2017,495.0,51.125
r-vierchniadzvinski,2017,941.0,90.61
r-viciebski,2017,19293.0,513.204
r-haradocki,2017,668.0,67.962
r-hlybocki,2017,887.0,74.007
r-dokshycki,2017,958.0,74.71
r-dubrovienski,2017,1109.0,94.733
r-loznienski,2017,713.0,60.676
r-lepielski,2017,1467.0,102.686
r-mijorski,2017,607.0,48.261
r-pastauski,2017,593.0,56.604
r-polacki,2017,9982.0,349.227
r-rasonski,2017,215.0,20.029
r-siennienski,2017,742.0,56.761
r-talachynski,2017,794.0,83.615
r-ushacki,2017,99.0,12.16
r-chashnicki,2017,779.0,59.884
r-sharkoushchynski,2017,233.0,21.762
r-shumilinski,2017,630.0,51.924
r-akciabrski,2017,372.0,36.17
r-brahinski,2017,290.0,32.96
r-buda-kashalouski,2017,1657.0,190.171
r-vietkauski,2017,654.0,77.54
r-homielski,2017,16723.0,711.715
r-dobrushski,2017,1021.0,96.019
r-jelski,2017,526.0,55.104
r-zhlobinski,2017,4238.0,195.069
r-zhytkavicki,2017,576.0,62.649
r-kalinkavicki,2017,1052.0,91.416
r-karmianski,2017,734.0,82.257
r-lelchycki,2017,334.0,33.847
r-lojeuski,2017,356.0,42.556
r-mazyrski,2017,4462.0,282.194
r-naraulanski,2017,393.0,45.782
r-pietrykauski,2017,634.0,63.709
r-rahachouski,2017,994.0,89.929
r-rechycki,2017,3817.0,231.515
r-svietlahorski,2017,2818.0,151.27
r-chojnicki,2017,472.0,49.658
r-chacherski,2017,262.0,29.574
r-astraviecki,2017,2081.0,125.231
r-ashmianski,2017,640.0,53.047
r-bierastavicki,2017,644.0,60.935
r-vaukavyski,2017,1638.0,118.179
r-voranauski,2017,696.0,78.075
r-hrodzienski,2017,12607.0,549.425
r-dziatlauski,2017,487.0,46.527
r-zelvienski,2017,318.0,27.725
r-iujeuski,2017,722.0,79.425
r-karelicki,2017,381.0,45.299
r-lidski,2017,2587.0,171.044
r-mastouski,2017,716.0,65.758
r-navahrudski,2017,722.0,61.878
r-svislacki,2017,459.0,47.801
r-slonimski,2017,2240.0,181.962
r-smarhonski,2017,1300.0,89.511
r-shchuchynski,2017,1139.0,111.261
r-barysauski,2017,9676.0,454.715
r-biarezinski,2017,606.0,65.397
r-valozhynski,2017,1303.0,130.726
r-vilejski,2017,1191.0,117.508
r-dziarzhynski,2017,5736.0,314.665
r-kapylski,2017,870.0,87.788
r-klecki,2017,670.0,75.372
r-krupski,2017,1328.0,128.635
r-lahojski,2017,3137.0,303.807
r-lubanski,2017,1057.0,85.294
r-maladziechanski,2017,3677.0,227.975
r-minski,2017,47140.0,1192.846
r-miadzielski,2017,620.0,71.366
r-niasvizhski,2017,2072.0,161.823
r-puchavicki,2017,3009.0,244.876
r-salihorski,2017,4594.0,242.249
r-slucki,2017,2527.0,208.948
r-smalavicki,2017,7728.0,520.016
r-staradarozhski,2017,858.0,73.822
r-staubcouski,2017,1307.0,130.297
r-uzdzienski,2017,1069.0,92.136
r-chervienski,2017,1583.0,144.793
r-asipovicki,2017,1107.0,96.221
r-babrujski,2017,3754.0,199.827
r-bychauski,2017,517.0,52.179
r-bialynicki,2017,229.0,24.814
r-hluski,2017,103.0,13.104
r-horacki,2017,844.0,74.35
r-drybinski,2017,134.0,16.779
r-kasciukovicki,2017,535.0,48.896
r-kirauski,2017,564.0,65.912
r-klimavicki,2017,404.0,41.099
r-klichauski,2017,278.0,28.289
r-krasnapolski,2017,63.0,8.094
r-kruhlanski,2017,149.0,17.105
r-krychauski,2017,957.0,82.746
r-mahilouski,2017,8997.0,436.81
r-mscislauski,2017,517.0,62.123
r-slauharadski,2017,116.0,13.453
r-chocimski,2017,141.0,17.05
r-chavuski,2017,316.0,34.574
r-cherykauski,2017,160.0,16.468
r-shklouski,2017,1456.0,136.914
BY-HM,2017,37537.0,215.831
BY,2017,318212.0,15834.959
r-baranavicki,2018,5651.0,289.158
r-brescki,2018,12036.0,419.506
r-biarozauski,2018,2243.0,158.022
r-hancavicki,2018,421.0,39.617
r-drahichynski,2018,454.0,49.728
r-zhabinkauski,2018,1051.0,93.121
r-ivanauski,2018,915.0,87.62
r-ivacevicki,2018,1338.0,101.111
r-kamianiecki,2018,1306.0,136.814
r-kobrynski,2018,2064.0,173.982
r-luniniecki,2018,2507.0,164.783
r-lachavicki,2018,445.0,52.149
r-malarycki,2018,674.0,65.347
r-pinski,2018,3035.0,205.185
r-pruzhanski,2018,1219.0,134.033
r-stolinski,2018,1222.0,132.875
r-arshanski,2018,14866.0,485.134
r-bieshankovicki,2018,370.0,41.404
r-braslauski,2018,436.0,42.523
r-vierchniadzvinski,2018,1155.0,97.387
r-viciebski,2018,24992.0,611.09
r-haradocki,2018,1036.0,80.49
r-hlybocki,2018,1119.0,76.234
r-dokshycki,2018,1141.0,79.542
r-dubrovienski,2018,1615.0,120.146
r-loznienski,2018,1228.0,91.96
r-lepielski,2018,1771.0,110.105
r-mijorski,2018,850.0,51.416
r-pastauski,2018,712.0,59.311
r-polacki,2018,12942.0,397.368
r-rasonski,2018,270.0,24.378
r-siennienski,2018,1220.0,90.734
r-talachynski,2018,998.0,85.851
r-ushacki,2018,124.0,13.753
r-chashnicki,2018,1039.0,69.92
r-sharkoushchynski,2018,287.0,22.251
r-shumilinski,2018,932.0,70.184
r-akciabrski,2018,710.0,71.924
r-brahinski,2018,225.0,28.156
r-buda-kashalouski,2018,2221.0,243.796
r-vietkauski,2018,794.0,94.722
r-homielski,2018,21332.0,816.98
r-dobrushski,2018,1403.0,127.818
r-jelski,2018,649.0,62.545
r-zhlobinski,2018,5166.0,233.642
r-zhytkavicki,2018,666.0,69.106
r-kalinkavicki,2018,1289.0,96.445
r-karmianski,2018,999.0,114.789
r-lelchycki,2018,353.0,31.32
r-lojeuski,2018,396.0,41.609
r-mazyrski,2018,6925.0,329.771
r-naraulanski,2018,433.0,44.577
r-pietrykauski,2018,654.0,65.417
r-rahachouski,2018,1173.0,111.625
r-rechycki,2018,4052.0,268.366
r-svietlahorski,2018,3036.0,156.989
r-chojnicki,2018,519.0,52.841
r-chacherski,2018,343.0,37.222
r-astraviecki,2018,2457.0,139.048
r-ashmianski,2018,810.0,59.812
r-bierastavicki,2018,725.0,63.366
r-vaukavyski,2018,1891.0,135.719
r-voranauski,2018,676.0,63.181
r-hrodzienski,2018,12935.0,544.517
r-dziatlauski,2018,551.0,47.29
r-zelvienski,2018,430.0,38.054
r-iujeuski,2018,688.0,71.089
r-karelicki,2018,413.0,49.391
r-lidski,2018,3754.0,183.201
r-mastouski,2018,781.0,57.564
r-navahrudski,2018,970.0,72.459
r-svislacki,2018,796.0,73.704
r-slonimski,2018,2098.0,163.228
r-smarhonski,2018,1904.0,111.382
r-shchuchynski,2018,1008.0,96.472
r-barysauski,2018,12445.0,593.136
r-biarezinski,2018,859.0,98.66
r-valozhynski,2018,1501.0,135.804
r-vilejski,2018,1402.0,138.156
r-dziarzhynski,2018,5260.0,322.812
r-kapylski,2018,1485.0,152.967
r-klecki,2018,653.0,70.433
r-krupski,2018,1843.0,159.859
r-lahojski,2018,5428.0,488.563
r-lubanski,2018,1367.0,94.668
r-maladziechanski,2018,4025.0,252.66
r-minski,2018,52042.0,1282.244
r-miadzielski,2018,622.0,69.021
r-niasvizhski,2018,2090.0,165.295
r-puchavicki,2018,3601.0,283.549
r-salihorski,2018,6797.0,392.176
r-slucki,2018,3008.0,224.209
r-smalavicki,2018,10751.0,695.368
r-staradarozhski,2018,965.0,77.551
r-staubcouski,2018,2311.0,219.815
r-uzdzienski,2018,1042.0,89.832
r-chervienski,2018,2359.0,216.168
r-asipovicki,2018,1463.0,125.208
r-babrujski,2018,4598.0,251.369
r-bychauski,2018,721.0,69.458
r-bialynicki,2018,454.0,45.433
r-hluski,2018,393.0,30.368
r-horacki,2018,1276.0,99.458
r-drybinski,2018,193.0,22.08
r-kasciukovicki,2018,646.0,59.038
r-kirauski,2018,722.0,79.682
r-klimavicki,2018,494.0,49.904
r-klichauski,2018,383.0,41.596
r-krasnapolski,2018,105.0,13.491
r-kruhlanski,2018,247.0,27.163
r-krychauski,2018,1559.0,118.619
r-mahilouski,2018,11467.0,487.457
r-mscislauski,2018,932.0,105.237
r-slauharadski,2018,248.0,29.319
r-chocimski,2018,231.0,25.639
r-chavuski,2018,562.0,57.191
r-cherykauski,2018,259.0,22.593
r-shklouski,2018,2167.0,191.136
BY-HM,2018,40755.0,215.831
BY,2018,384475.0,18520.243
r-baranavicki,2019,5168.0,285.154
r-brescki,2019,11934.0,420.223
r-biarozauski,2019,1887.0,140.477
r-hancavicki,2019,388.0,34.919
r-drahichynski,2019,386.0,44.323
r-zhabinkauski,2019,993.0,88.77
r-ivanauski,2019,781.0,76.013
r-ivacevicki,2019,1226.0,93.56
r-kamianiecki,2019,1204.0,133.007
r-kobrynski,2019,1837.0,157.106
r-luniniecki,2019,2291.0,156.741
r-lachavicki,2019,400.0,48.013
r-malarycki,2019,643.0,65.752
r-pinski,2019,2929.0,216.936
r-pruzhanski,2019,1112.0,122.402
r-stolinski,2019,1353.0,135.242
r-arshanski,2019,10996.0,521.393
r-bieshankovicki,2019,301.0,34.619
r-braslauski,2019,446.0,44.714
r-vierchniadzvinski,2019,798.0,75.501
r-viciebski,2019,21026.0,607.681
r-haradocki,2019,815.0,72.859
r-hlybocki,2019,1058.0,81.027
r-dokshycki,2019,1111.0,88.697
r-dubrovienski,2019,1263.0,102.953
r-loznienski,2019,1046.0,94.074
r-lepielski,2019,1664.0,124.57
r-mijorski,2019,764.0,50.075
r-pastauski,2019,746.0,68.918
r-polacki,2019,15395.0,396.636
r-rasonski,2019,163.0,15.562
r-siennienski,2019,973.0,85.783
r-talachynski,2019,1184.0,122.898
r-ushacki,2019,113.0,13.142
r-chashnicki,2019,869.0,69.081
r-sharkoushchynski,2019,299.0,22.742
r-shumilinski,2019,687.0,54.497
r-akciabrski,2019,525.0,51.564
r-brahinski,2019,221.0,27.079
r-buda-kashalouski,2019,1871.0,207.944
r-vietkauski,2019,832.0,91.915
r-homielski,2019,17649.0,754.051
r-dobrushski,2019,1297.0,122.024
r-jelski,2019,567.0,60.017
r-zhlobinski,2019,5168.0,208.686
r-zhytkavicki,2019,672.0,72.134
r-kalinkavicki,2019,1164.0,92.88
r-karmianski,2019,800.0,92.702
r-lelchycki,2019,305.0,27.856
r-lojeuski,2019,332.0,34.185
r-mazyrski,2019,6251.0,321.548
r-naraulanski,2019,441.0,46.705
r-pietrykauski,2019,625.0,63.974
r-rahachouski,2019,1021.0,96.901
r-rechycki,2019,3585.0,240.607
r-svietlahorski,2019,2736.0,153.101
r-chojnicki,2019,441.0,47.114
r-chacherski,2019,279.0,31.131
r-astraviecki,2019,2517.0,167.842
r-ashmianski,2019,1036.0,76.335
r-bierastavicki,2019,848.0,74.677
r-vaukavyski,2019,2492.0,175.278
r-voranauski,2019,682.0,68.217
r-hrodzienski,2019,13740.0,649.033
r-dziatlauski,2019,866.0,67.661
r-zelvienski,2019,449.0,37.658
r-iujeuski,2019,888.0,96.293
r-karelicki,2019,574.0,68.461
r-lidski,2019,4012.0,196.655
r-mastouski,2019,1083.0,71.281
r-navahrudski,2019,1520.0,91.972
r-svislacki,2019,626.0,58.153
r-slonimski,2019,1923.0,147.448
r-smarhonski,2019,2002.0,136.246
r-shchuchynski,2019,1177.0,117.866
r-barysauski,2019,11001.0,497.681
r-biarezinski,2019,584.0,65.007
r-valozhynski,2019,1561.0,151.709
r-vilejski,2019,1087.0,106.682
r-dziarzhynski,2019,4843.0,298.209
r-kapylski,2019,1048.0,102.24
r-klecki,2019,587.0,62.549
r-krupski,2019,1814.0,184.666
r-lahojski,2019,4555.0,443.416
r-lubanski,2019,1434.0,110.034
r-maladziechanski,2019,3845.0,279.77
r-minski,2019,52244.0,1287.071
r-miadzielski,2019,582.0,65.039
r-niasvizhski,2019,1913.0,156.278
r-puchavicki,2019,3363.0,268.724
r-salihorski,2019,6649.0,406.671
r-slucki,2019,2723.0,211.954
r-smalavicki,2019,10955.0,676.872
r-staradarozhski,2019,806.0,66.181
r-staubcouski,2019,1051.0,106.032
r-uzdzienski,2019,776.0,73.96
r-chervienski,2019,1935.0,172.761
r-asipovicki,2019,1423.0,119.553
r-babrujski,2019,4101.0,227.866
r-bychauski,2019,622.0,63.936
r-bialynicki,2019,568.0,52.379
r-hluski,2019,351.0,27.646
r-horacki,2019,1011.0,89.694
r-drybinski,2019,141.0,17.788
r-kasciukovicki,2019,535.0,49.916
r-kirauski,2019,704.0,74.396
r-klimavicki,2019,443.0,47.227
r-klichauski,2019,354.0,37.878
r-krasnapolski,2019,106.0,12.462
r-kruhlanski,2019,238.0,27.158
r-krychauski,2019,1224.0,110.478
r-mahilouski,2019,9906.0,452.777
r-mscislauski,2019,683.0,82.858
r-slauharadski,2019,247.0,27.786
r-chocimski,2019,117.0,14.617
r-chavuski,2019,499.0,48.67
r-cherykauski,2019,246.0,21.071
r-shklouski,2019,1887.0,184.246
BY-HM,2019,38298.0,215.831
BY,2019,359310.0,17950.38
r-baranavicki,2020,5603.0,311.863
r-brescki,2020,11582.0,437.35
r-biarozauski,2020,2345.0,186.702
r-hancavicki,2020,384.0,33.35
r-drahichynski,2020,414.0,48.672
r-zhabinkauski,2020,1039.0,94.042
r-ivanauski,2020,913.0,90.531
r-ivacevicki,2020,1443.0,116.626
r-kamianiecki,2020,1201.0,132.091
r-kobrynski,2020,2191.0,188.359
r-luniniecki,2020,2312.0,156.993
r-lachavicki,2020,575.0,63.025
r-malarycki,2020,686.0,67.608
r-pinski,2020,3447.0,241.762
r-pruzhanski,2020,1680.0,177.844
r-stolinski,2020,1339.0,142.672
r-arshanski,2020,10977.0,453.904
r-bieshankovicki,2020,287.0,28.344
r-braslauski,2020,676.0,51.402
r-vierchniadzvinski,2020,723.0,69.913
r-viciebski,2020,17765.0,519.047
r-haradocki,2020,745.0,63.021
r-hlybocki,2020,1105.0,65.295
r-dokshycki,2020,832.0,66.273
r-dubrovienski,2020,1078.0,86.644
r-loznienski,2020,842.0,79.028
r-lepielski,2020,1483.0,103.16
r-mijorski,2020,701.0,45.819
r-pastauski,2020,668.0,59.809
r-polacki,2020,11272.0,401.454
r-rasonski,2020,170.0,16.653
r-siennienski,2020,834.0,72.989
r-talachynski,2020,781.0,73.833
r-ushacki,2020,117.0,12.411
r-chashnicki,2020,736.0,55.022
r-sharkoushchynski,2020,275.0,21.398
r-shumilinski,2020,563.0,41.152
r-akciabrski,2020,398.0,36.173
r-brahinski,2020,224.0,28.552
r-buda-kashalouski,2020,1654.0,189.159
r-vietkauski,2020,1073.0,114.352
r-homielski,2020,16962.0,759.58
r-dobrushski,2020,1378.0,135.045
r-jelski,2020,549.0,52.993
r-zhlobinski,2020,4575.0,206.354
r-zhytkavicki,2020,608.0,65.013
r-kalinkavicki,2020,1202.0,89.702
r-karmianski,2020,805.0,90.123
r-lelchycki,2020,320.0,31.58
r-lojeuski,2020,306.0,32.326
r-mazyrski,2020,5120.0,303.757
r-naraulanski,2020,355.0,38.324
r-pietrykauski,2020,799.0,71.241
r-rahachouski,2020,1163.0,107.896
r-rechycki,2020,3348.0,246.911
r-svietlahorski,2020,2952.0,151.516
r-chojnicki,2020,433.0,45.385
r-chacherski,2020,319.0,36.441
r-astraviecki,2020,2510.0,153.926
r-ashmianski,2020,891.0,65.428
r-bierastavicki,2020,1003.0,90.518
r-vaukavyski,2020,2794.0,202.066
r-voranauski,2020,894.0,94.777
r-hrodzienski,2020,14047.0,652.155
r-dziatlauski,2020,871.0,67.144
r-zelvienski,2020,639.0,63.326
r-iujeuski,2020,1024.0,109.992
r-karelicki,2020,903.0,90.105
r-lidski,2020,4170.0,230.237
r-mastouski,2020,1233.0,83.855
r-navahrudski,2020,1584.0,112.746
r-svislacki,2020,762.0,70.48
r-slonimski,2020,2272.0,178.459
r-smarhonski,2020,2151.0,136.227
r-shchuchynski,2020,1517.0,152.903
r-barysauski,2020,8735.0,366.608
r-biarezinski,2020,1630.0,170.565
r-valozhynski,2020,1379.0,134.163
r-vilejski,2020,1064.0,98.337
r-dziarzhynski,2020,4190.0,270.461
r-kapylski,2020,1168.0,116.808
r-klecki,2020,580.0,62.16
r-krupski,2020,1323.0,133.381
r-lahojski,2020,3682.0,355.81
r-lubanski,2020,2175.0,180.726
r-maladziechanski,2020,3354.0,220.174
r-minski,2020,51571.0,1281.478
r-miadzielski,2020,533.0,58.606
r-niasvizhski,2020,1801.0,146.862
r-puchavicki,2020,3594.0,296.844
r-salihorski,2020,6555.0,380.34
r-slucki,2020,2575.0,203.635
r-smalavicki,2020,9712.0,650.565
r-staradarozhski,2020,715.0,56.094
r-staubcouski,2020,1008.0,101.275
r-uzdzienski,2020,821.0,78.583
r-chervienski,2020,1977.0,175.796
r-asipovicki,2020,1439.0,121.596
r-babrujski,2020,3919.0,221.542
r-bychauski,2020,528.0,53.852
r-bialynicki,2020,453.0,47.204
r-hluski,2020,291.0,21.284
r-horacki,2020,689.0,57.151
r-drybinski,2020,65.0,8.201
r-kasciukovicki,2020,579.0,53.897
r-kirauski,2020,722.0,79.294
r-klimavicki,2020,426.0,45.812
r-klichauski,2020,315.0,34.957
r-krasnapolski,2020,124.0,15.158
r-kruhlanski,2020,158.0,17.097
r-krychauski,2020,1081.0,81.734
r-mahilouski,2020,8892.0,398.974
r-mscislauski,2020,454.0,55.653
r-slauharadski,2020,292.0,32.162
r-chocimski,2020,119.0,14.751
r-chavuski,2020,359.0,34.565
r-cherykauski,2020,226.0,22.737
r-shklouski,2020,1151.0,97.297
BY-HM,2020,36195.0,215.831
BY,2020,342949.0,17570.096
r-baranavicki,2021,8160.0,456.222
r-brescki,2021,14959.0,559.14
r-biarozauski,2021,3757.0,278.743
r-hancavicki,2021,872.0,86.416
r-drahichynski,2021,1032.0,121.048
r-zhabinkauski,2021,1585.0,150.612
r-ivanauski,2021,1564.0,159.493
r-ivacevicki,2021,2387.0,205.641
r-kamianiecki,2021,2269.0,259.325
r-kobrynski,2021,3278.0,288.508
r-luniniecki,2021,3536.0,280.816
r-lachavicki,2021,1258.0,144.079
r-malarycki,2021,1183.0,128.287
r-pinski,2021,4957.0,400.374
r-pruzhanski,2021,2574.0,289.021
r-stolinski,2021,2748.0,284.186
r-arshanski,2021,16582.0,782.195
r-bieshankovicki,2021,868.0,89.341
r-braslauski,2021,1585.0,136.238
r-vierchniadzvinski,2021,1916.0,177.348
r-viciebski,2021,29096.0,808.237
r-haradocki,2021,2083.0,151.855
r-hlybocki,2021,2597.0,241.31
r-dokshycki,2021,2053.0,172.097
r-dubrovienski,2021,1826.0,143.314
r-loznienski,2021,2107.0,188.874
r-lepielski,2021,2898.0,204.985
r-mijorski,2021,1834.0,146.383
r-pastauski,2021,2250.0,223.577
r-polacki,2021,17842.0,619.509
r-rasonski,2021,485.0,42.258
r-siennienski,2021,2558.0,263.369
r-talachynski,2021,2353.0,240.611
r-ushacki,2021,265.0,28.257
r-chashnicki,2021,1518.0,126.929
r-sharkoushchynski,2021,1175.0,110.863
r-shumilinski,2021,1318.0,95.68
r-akciabrski,2021,917.0,89.034
r-brahinski,2021,558.0,67.26
r-buda-kashalouski,2021,3611.0,407.858
r-vietkauski,2021,1766.0,175.698
r-homielski,2021,22795.0,959.804
r-dobrushski,2021,2277.0,212.692
r-jelski,2021,922.0,91.083
r-zhlobinski,2021,6737.0,351.765
r-zhytkavicki,2021,1329.0,147.612
r-kalinkavicki,2021,1953.0,168.027
r-karmianski,2021,1854.0,194.681
r-lelchycki,2021,690.0,75.582
r-lojeuski,2021,649.0,70.634
r-mazyrski,2021,7064.0,358.996
r-naraulanski,2021,569.0,57.38
r-pietrykauski,2021,1424.0,131.652
r-rahachouski,2021,3014.0,297.685
r-rechycki,2021,5393.0,403.23
r-svietlahorski,2021,4245.0,250.802
r-chojnicki,2021,882.0,97.167
r-chacherski,2021,623.0,75.623
r-astraviecki,2021,4338.0,279.352
r-ashmianski,2021,2547.0,167.749
r-bierastavicki,2021,1858.0,163.224
r-vaukavyski,2021,3733.0,280.489
r-voranauski,2021,1900.0,193.534
r-hrodzienski,2021,20379.0,1036.494
r-dziatlauski,2021,1699.0,144.266
r-zelvienski,2021,1585.0,167.416
r-iujeuski,2021,2247.0,236.32
r-karelicki,2021,2271.0,231.146
r-lidski,2021,6581.0,359.679
r-mastouski,2021,1969.0,151.173
r-navahrudski,2021,2716.0,204.168
r-svislacki,2021,1540.0,158.858
r-slonimski,2021,3817.0,318.824
r-smarhonski,2021,3913.0,282.476
r-shchuchynski,2021,3140.0,325.265
r-barysauski,2021,15039.0,810.512
r-biarezinski,2021,3672.0,386.469
r-valozhynski,2021,2830.0,279.362
r-vilejski,2021,2945.0,292.832
r-dziarzhynski,2021,7067.0,441.754
r-kapylski,2021,2823.0,306.464
r-klecki,2021,1142.0,125.612
r-krupski,2021,4664.0,483.532
r-lahojski,2021,8436.0,824.587
r-lubanski,2021,3857.0,339.561
r-maladziechanski,2021,5627.0,400.636
r-minski,2021,69053.0,1587.414
r-miadzielski,2021,1379.0,153.65
r-niasvizhski,2021,3087.0,259.021
r-puchavicki,2021,6352.0,499.772
r-salihorski,2021,7980.0,430.827
r-slucki,2021,3977.0,344.12
r-smalavicki,2021,12866.0,730.627
r-staradarozhski,2021,1953.0,183.707
r-staubcouski,2021,2389.0,250.042
r-uzdzienski,2021,1721.0,166.937
r-chervienski,2021,3644.0,324.958
r-asipovicki,2021,2621.0,219.22
r-babrujski,2021,6211.0,319.466
r-bychauski,2021,1039.0,93.255
r-bialynicki,2021,931.0,100.863
r-hluski,2021,536.0,40.763
r-horacki,2021,1368.0,123.472
r-drybinski,2021,164.0,20.18
r-kasciukovicki,2021,903.0,79.83
r-kirauski,2021,1287.0,129.625
r-klimavicki,2021,860.0,92.358
r-klichauski,2021,555.0,58.748
r-krasnapolski,2021,192.0,22.997
r-kruhlanski,2021,326.0,37.223
r-krychauski,2021,1225.0,99.667
r-mahilouski,2021,13082.0,526.861
r-mscislauski,2021,1450.0,174.73
r-slauharadski,2021,653.0,66.221
r-chocimski,2021,234.0,29.495
r-chavuski,2021,791.0,76.752
r-cherykauski,2021,424.0,43.532
r-shklouski,2021,1922.0,170.667
BY-HM,2021,52310.0,215.831
BY,2021,549661.0,30906.413
r-baranavicki,2022,6726.0,380.243
r-brescki,2022,13314.0,512.354
r-biarozauski,2022,3067.0,232.14
r-hancavicki,2022,664.0,61.515
r-drahichynski,2022,865.0,103.753
r-zhabinkauski,2022,1241.0,123.722
r-ivanauski,2022,1276.0,131.89
r-ivacevicki,2022,1719.0,143.498
r-kamianiecki,2022,1791.0,198.684
r-kobrynski,2022,2648.0,231.64
r-luniniecki,2022,2736.0,195.03
r-lachavicki,2022,805.0,93.329
r-malarycki,2022,869.0,96.733
r-pinski,2022,4060.0,312.443
r-pruzhanski,2022,1645.0,187.515
r-stolinski,2022,1872.0,197.928
r-arshanski,2022,18265.0,780.872
r-bieshankovicki,2022,596.0,59.647
r-braslauski,2022,1079.0,87.234
r-vierchniadzvinski,2022,1049.0,102.794
r-viciebski,2022,24985.0,728.625
r-haradocki,2022,1268.0,100.878
r-hlybocki,2022,1575.0,152.512
r-dokshycki,2022,1486.0,123.973
r-dubrovienski,2022,1472.0,122.39
r-loznienski,2022,1716.0,157.286
r-lepielski,2022,2235.0,170.235
r-mijorski,2022,970.0,77.915
r-pastauski,2022,1222.0,116.394
r-polacki,2022,15046.0,538.824
r-rasonski,2022,409.0,35.851
r-siennienski,2022,2407.0,257.641
r-talachynski,2022,1832.0,187.32
r-ushacki,2022,190.0,19.166
r-chashnicki,2022,1396.0,116.51
r-sharkoushchynski,2022,570.0,47.317
r-shumilinski,2022,1048.0,78.41
r-akciabrski,2022,622.0,60.203
r-brahinski,2022,340.0,42.124
r-buda-kashalouski,2022,2274.0,258.787
r-vietkauski,2022,1291.0,137.346
r-homielski,2022,18184.0,817.289
r-dobrushski,2022,1322.0,131.892
r-jelski,2022,648.0,67.751
r-zhlobinski,2022,4421.0,242.208
r-zhytkavicki,2022,952.0,105.259
r-kalinkavicki,2022,1569.0,125.909
r-karmianski,2022,1428.0,146.397
r-lelchycki,2022,430.0,44.101
r-lojeuski,2022,414.0,45.201
r-mazyrski,2022,6982.0,335.421
r-naraulanski,2022,551.0,52.432
r-pietrykauski,2022,1086.0,98.032
r-rahachouski,2022,1644.0,159.096
r-rechycki,2022,3979.0,289.243
r-svietlahorski,2022,3077.0,183.107
r-chojnicki,2022,598.0,65.163
r-chacherski,2022,493.0,59.662
r-astraviecki,2022,3266.0,203.005
r-ashmianski,2022,1990.0,125.325
r-bierastavicki,2022,1553.0,134.404
r-vaukavyski,2022,2840.0,202.864
r-voranauski,2022,1355.0,142.567
r-hrodzienski,2022,16446.0,864.361
r-dziatlauski,2022,1332.0,118.147
r-zelvienski,2022,1071.0,107.559
r-iujeuski,2022,1380.0,149.819
r-karelicki,2022,1193.0,112.635
r-lidski,2022,4990.0,295.264
r-mastouski,2022,1330.0,95.538
r-navahrudski,2022,1886.0,128.69
r-svislacki,2022,1116.0,120.622
r-slonimski,2022,2724.0,218.78
r-smarhonski,2022,2775.0,189.649
r-shchuchynski,2022,2207.0,234.654
r-barysauski,2022,13737.0,833.326
r-biarezinski,2022,3091.0,331.753
r-valozhynski,2022,1979.0,195.674
r-vilejski,2022,2135.0,176.359
r-dziarzhynski,2022,5617.0,401.076
r-kapylski,2022,1566.0,158.397
r-klecki,2022,1046.0,107.218
r-krupski,2022,3481.0,334.479
r-lahojski,2022,6649.0,654.476
r-lubanski,2022,3157.0,273.796
r-maladziechanski,2022,4677.0,341.666
r-minski,2022,58354.0,1513.328
r-miadzielski,2022,988.0,109.162
r-niasvizhski,2022,2717.0,207.779
r-puchavicki,2022,5684.0,467.683
r-salihorski,2022,6395.0,338.68
r-slucki,2022,3346.0,271.59
r-smalavicki,2022,10845.0,671.158
r-staradarozhski,2022,1706.0,165.709
r-staubcouski,2022,1532.0,154.587
r-uzdzienski,2022,1231.0,116.341
r-chervienski,2022,2771.0,250.377
r-asipovicki,2022,1748.0,141.111
r-babrujski,2022,4937.0,249.818
r-bychauski,2022,1227.0,80.702
r-bialynicki,2022,697.0,79.475
r-hluski,2022,327.0,28.428
r-horacki,2022,1031.0,94.714
r-drybinski,2022,197.0,23.21
r-kasciukovicki,2022,855.0,71.873
r-kirauski,2022,1068.0,111.471
r-klimavicki,2022,725.0,55.756
r-klichauski,2022,435.0,47.999
r-krasnapolski,2022,144.0,17.214
r-kruhlanski,2022,249.0,27.419
r-krychauski,2022,1205.0,83.266
r-mahilouski,2022,10989.0,469.266
r-mscislauski,2022,604.0,73.885
r-slauharadski,2022,441.0,42.537
r-chocimski,2022,111.0,14.235
r-chavuski,2022,568.0,54.262
r-cherykauski,2022,318.0,32.93
r-shklouski,2022,1570.0,150.499
BY-HM,2022,44275.0,215.831
BY,2022,445270.0,24475.765
r-baranavicki,2023,6681.0,413.893
r-brescki,2023,13946.0,536.312
r-biarozauski,2023,3150.0,244.047
r-hancavicki,2023,844.0,82.621
r-drahichynski,2023,965.0,118.407
r-zhabinkauski,2023,1347.0,140.48
r-ivanauski,2023,1409.0,149.443
r-ivacevicki,2023,2077.0,190.31
r-kamianiecki,2023,2140.0,251.279
r-kobrynski,2023,3229.0,299.591
r-luniniecki,2023,3105.0,224.884
r-lachavicki,2023,945.0,115.597
r-malarycki,2023,1145.0,136.011
r-pinski,2023,4509.0,356.101
r-pruzhanski,2023,2283.0,266.705
r-stolinski,2023,2152.0,249.211
r-arshanski,2023,22012.0,830.237
r-bieshankovicki,2023,964.0,103.868
r-braslauski,2023,1667.0,167.389
r-vierchniadzvinski,2023,2285.0,235.802
r-viciebski,2023,25350.0,853.866
r-haradocki,2023,1884.0,154.609
r-hlybocki,2023,2640.0,270.809
r-dokshycki,2023,2304.0,231.308
r-dubrovienski,2023,1795.0,161.486
r-loznienski,2023,2516.0,257.758
r-lepielski,2023,2371.0,170.846
r-mijorski,2023,1809.0,158.883
r-pastauski,2023,1627.0,161.788
r-polacki,2023,18479.0,694.768
r-rasonski,2023,638.0,63.246
r-siennienski,2023,2359.0,256.893
r-talachynski,2023,1748.0,187.247
r-ushacki,2023,354.0,38.44
r-chashnicki,2023,1753.0,137.962
r-sharkoushchynski,2023,1246.0,119.145
r-shumilinski,2023,1378.0,110.66
r-akciabrski,2023,1288.0,141.93
r-brahinski,2023,452.0,49.453
r-buda-kashalouski,2023,1969.0,226.936
r-vietkauski,2023,1394.0,150.785
r-homielski,2023,18395.0,852.984
r-dobrushski,2023,1503.0,161.787
r-jelski,2023,744.0,77.785
r-zhlobinski,2023,5449.0,247.912
r-zhytkavicki,2023,1136.0,129.529
r-kalinkavicki,2023,2049.0,150.644
r-karmianski,2023,1351.0,143.034
r-lelchycki,2023,874.0,100.047
r-lojeuski,2023,522.0,59.629
r-mazyrski,2023,8052.0,364.047
r-naraulanski,2023,708.0,62.575
r-pietrykauski,2023,1329.0,129.664
r-rahachouski,2023,1816.0,189.008
r-rechycki,2023,4171.0,322.285
r-svietlahorski,2023,3226.0,209.914
r-chojnicki,2023,687.0,77.922
r-chacherski,2023,514.0,62.264
r-astraviecki,2023,3950.0,289.89
r-ashmianski,2023,2653.0,196.163
r-bierastavicki,2023,1664.0,157.167
r-vaukavyski,2023,3237.0,223.217
r-voranauski,2023,2008.0,217.789
r-hrodzienski,2023,17512.0,902.758
r-dziatlauski,2023,1777.0,173.885
r-zelvienski,2023,1268.0,136.62
r-iujeuski,2023,1864.0,205.875
r-karelicki,2023,1553.0,157.168
r-lidski,2023,5686.0,353.305
r-mastouski,2023,1549.0,125.303
r-navahrudski,2023,2497.0,201.616
r-svislacki,2023,1148.0,124.134
r-slonimski,2023,2671.0,221.245
r-smarhonski,2023,3529.0,285.621
r-shchuchynski,2023,2763.0,304.494
r-barysauski,2023,15165.0,1079.344
r-biarezinski,2023,2847.0,315.565
r-valozhynski,2023,2936.0,308.171
r-vilejski,2023,4333.0,434.371
r-dziarzhynski,2023,7678.0,635.051
r-kapylski,2023,2224.0,246.907
r-klecki,2023,2028.0,205.56
r-krupski,2023,4644.0,492.016
r-lahojski,2023,10207.0,1071.434
r-lubanski,2023,3279.0,297.117
r-maladziechanski,2023,6827.0,564.87
r-minski,2023,59255.0,1725.078
r-miadzielski,2023,3856.0,440.7
r-niasvizhski,2023,3434.0,312.098
r-puchavicki,2023,6050.0,525.071
r-salihorski,2023,7758.0,505.921
r-slucki,2023,4281.0,308.006
r-smalavicki,2023,13073.0,838.19
r-staradarozhski,2023,2076.0,221.793
r-staubcouski,2023,1766.0,187.46
r-uzdzienski,2023,1265.0,131.846
r-chervienski,2023,3168.0,307.167
r-asipovicki,2023,1878.0,158.344
r-babrujski,2023,4276.0,250.082
r-bychauski,2023,1102.0,83.01
r-bialynicki,2023,633.0,73.893
r-hluski,2023,446.0,47.388
r-horacki,2023,1085.0,99.857
r-drybinski,2023,214.0,26.115
r-kasciukovicki,2023,1018.0,76.499
r-kirauski,2023,1072.0,109.392
r-klimavicki,2023,858.0,67.75
r-klichauski,2023,361.0,40.183
r-krasnapolski,2023,155.0,19.015
r-kruhlanski,2023,216.0,25.142
r-krychauski,2023,1959.0,142.055
r-mahilouski,2023,12609.0,523.429
r-mscislauski,2023,596.0,72.739
r-slauharadski,2023,476.0,48.063
r-chocimski,2023,229.0,29.352
r-chavuski,2023,599.0,58.328
r-cherykauski,2023,355.0,34.974
r-shklouski,2023,1543.0,145.114
BY-HM,2023,44665.0,215.831
BY,2023,507704.0,30920.302
r-baranavicki,2024,6211.0,380.252
r-brescki,2024,14306.0,520.31
r-biarozauski,2024,3042.0,227.038
r-hancavicki,2024,718.0,62.015
r-drahichynski,2024,880.0,107.834
r-zhabinkauski,2024,1296.0,125.429
r-ivanauski,2024,1345.0,136.797
r-ivacevicki,2024,1867.0,172.19
r-kamianiecki,2024,1724.0,203.874
r-kobrynski,2024,2862.0,253.508
r-luniniecki,2024,2972.0,203.56
r-lachavicki,2024,786.0,96.314
r-malarycki,2024,994.0,113.26
r-pinski,2024,4299.0,332.4
r-pruzhanski,2024,2084.0,243.194
r-stolinski,2024,2280.0,241.01
r-arshanski,2024,13795.0,604.58
r-bieshankovicki,2024,624.0,64.201
r-braslauski,2024,1606.0,167.09
r-vierchniadzvinski,2024,1369.0,139.382
r-viciebski,2024,24404.0,644.685
r-haradocki,2024,1437.0,128.596
r-hlybocki,2024,2005.0,188.855
r-dokshycki,2024,1728.0,170.327
r-dubrovienski,2024,1711.0,150.221
r-loznienski,2024,1646.0,163.14
r-lepielski,2024,1903.0,138.775
r-mijorski,2024,1359.0,112.725
r-pastauski,2024,1942.0,188.376
r-polacki,2024,14744.0,479.045
r-rasonski,2024,461.0,46.453
r-siennienski,2024,1432.0,149.488
r-talachynski,2024,1172.0,116.044
r-ushacki,2024,345.0,34.774
r-chashnicki,2024,1710.0,130.873
r-sharkoushchynski,2024,885.0,72.967
r-shumilinski,2024,1163.0,102.674
r-akciabrski,2024,1558.0,158.642
r-brahinski,2024,1015.0,114.299
r-buda-kashalouski,2024,2437.0,273.886
r-vietkauski,2024,1429.0,148.735
r-homielski,2024,19599.0,881.88
r-dobrushski,2024,1800.0,182.884
r-jelski,2024,998.0,112.165
r-zhlobinski,2024,5871.0,307.803
r-zhytkavicki,2024,1347.0,135.97
r-kalinkavicki,2024,4371.0,406.142
r-karmianski,2024,1327.0,136.057
r-lelchycki,2024,908.0,101.366
r-lojeuski,2024,924.0,110.098
r-mazyrski,2024,6474.0,340.588
r-naraulanski,2024,703.0,73.905
r-pietrykauski,2024,1274.0,120.574
r-rahachouski,2024,2229.0,240.235
r-rechycki,2024,4586.0,371.787
r-svietlahorski,2024,3381.0,227.244
r-chojnicki,2024,1170.0,129.518
r-chacherski,2024,615.0,69.654
r-astraviecki,2024,3455.0,236.03
r-ashmianski,2024,2270.0,146.863
r-bierastavicki,2024,1529.0,152.402
r-vaukavyski,2024,3442.0,244.505
r-voranauski,2024,1582.0,164.535
r-hrodzienski,2024,16973.0,839.145
r-dziatlauski,2024,1880.0,192.606
r-zelvienski,2024,1185.0,122.293
r-iujeuski,2024,1585.0,172.22
r-karelicki,2024,1673.0,171.748
r-lidski,2024,5116.0,302.532
r-mastouski,2024,1396.0,112.473
r-navahrudski,2024,2192.0,175.593
r-svislacki,2024,1247.0,132.172
r-slonimski,2024,2479.0,196.837
r-smarhonski,2024,3171.0,248.842
r-shchuchynski,2024,2152.0,213.714
r-barysauski,2024,12040.0,738.113
r-biarezinski,2024,2534.0,272.213
r-valozhynski,2024,3127.0,324.965
r-vilejski,2024,4382.0,436.999
r-dziarzhynski,2024,6382.0,462.998
r-kapylski,2024,2434.0,267.68
r-klecki,2024,1883.0,188.689
r-krupski,2024,2865.0,287.689
r-lahojski,2024,6029.0,559.733
r-lubanski,2024,3142.0,281.23
r-maladziechanski,2024,7012.0,521.904
r-minski,2024,72367.0,1633.909
r-miadzielski,2024,3010.0,330.464
r-niasvizhski,2024,3281.0,290.485
r-puchavicki,2024,6201.0,520.037
r-salihorski,2024,7795.0,487.779
r-slucki,2024,7437.0,612.057
r-smalavicki,2024,12438.0,738.887
r-staradarozhski,2024,2309.0,225.926
r-staubcouski,2024,3798.0,353.026
r-uzdzienski,2024,1938.0,188.052
r-chervienski,2024,3087.0,287.837
r-asipovicki,2024,2513.0,214.821
r-babrujski,2024,6916.0,301.606
r-bychauski,2024,1520.0,123.218
r-bialynicki,2024,1011.0,107.939
r-hluski,2024,366.0,36.088
r-horacki,2024,1604.0,122.694
r-drybinski,2024,355.0,33.682
r-kasciukovicki,2024,1383.0,105.303
r-kirauski,2024,1956.0,154.721
r-klimavicki,2024,1371.0,132.027
r-klichauski,2024,738.0,75.647
r-krasnapolski,2024,367.0,35.356
r-kruhlanski,2024,556.0,59.24
r-krychauski,2024,1711.0,125.521
r-mahilouski,2024,16097.0,670.348
r-mscislauski,2024,1008.0,100.663
r-slauharadski,2024,587.0,55.121
r-chocimski,2024,651.0,71.801
r-chavuski,2024,719.0,63.66
r-cherykauski,2024,570.0,51.074
r-shklouski,2024,2054.0,189.369
BY-HM,2024,50722.0,215.831
BY,2024,513696.0,29015.016
