zone_id,year,dn_sum,lit_km2
r-baranavicki,2013,16785.0,687.486
r-brescki,2013,30382.0,912.334
r-biarozauski,2013,9337.0,461.409
r-hancavicki,2013,1929.0,101.021
r-drahichynski,2013,1703.0,133.949
r-zhabinkauski,2013,4442.0,253.867
r-ivanauski,2013,4228.0,219.269
r-ivacevicki,2013,8426.0,540.829
r-kamianiecki,2013,5453.0,405.953
r-kobrynski,2013,7151.0,341.579
r-luniniecki,2013,7811.0,414.08
r-lachavicki,2013,1890.0,139.66
r-malarycki,2013,2944.0,224.253
r-pinski,2013,11016.0,510.771
r-pruzhanski,2013,7988.0,638.878
r-stolinski,2013,6848.0,524.642
r-arshanski,2013,19574.0,700.316
r-bieshankovicki,2013,799.0,63.111
r-braslauski,2013,1902.0,133.358
r-vierchniadzvinski,2013,2915.0,208.248
r-viciebski,2013,47474.0,1117.244
r-haradocki,2013,2273.0,164.275
r-hlybocki,2013,4838.0,265.634
r-dokshycki,2013,4941.0,308.4
r-dubrovienski,2013,5320.0,305.206
r-loznienski,2013,5148.0,333.882
r-lepielski,2013,6588.0,268.628
r-mijorski,2013,2145.0,144.333
r-pastauski,2013,3369.0,197.368
r-polacki,2013,23570.0,679.428
r-rasonski,2013,1330.0,81.987
r-siennienski,2013,3113.0,203.314
r-talachynski,2013,3403.0,241.205
r-ushacki,2013,572.0,43.243
r-chashnicki,2013,3992.0,225.542
r-sharkoushchynski,2013,1133.0,66.515
r-shumilinski,2013,3035.0,195.949
r-akciabrski,2013,2751.0,194.769
r-brahinski,2013,1768.0,150.476
r-buda-kashalouski,2013,3035.0,215.102
r-vietkauski,2013,1918.0,155.798
r-homielski,2013,40031.0,1403.213
r-dobrushski,2013,3076.0,245.132
r-jelski,2013,2182.0,143.241
r-zhlobinski,2013,12136.0,371.878
r-zhytkavicki,2013,3688.0,301.146
r-kalinkavicki,2013,5082.0,305.794
r-karmianski,2013,1868.0,131.193
r-lelchycki,2013,1408.0,103.453
r-lojeuski,2013,3503.0,270.414
r-mazyrski,2013,15181.0,456.486
r-naraulanski,2013,1541.0,104.823
r-pietrykauski,2013,3220.0,264.815
r-rahachouski,2013,3684.0,250.139
r-rechycki,2013,11711.0,679.532
r-svietlahorski,2013,11116.0,645.942
r-chojnicki,2013,1533.0,115.269
r-chacherski,2013,1031.0,85.145
r-astraviecki,2013,6333.0,399.924
r-ashmianski,2013,2841.0,187.273
r-bierastavicki,2013,3366.0,265.263
r-vaukavyski,2013,5823.0,332.546
r-voranauski,2013,4334.0,333.412
r-hrodzienski,2013,30946.0,1161.064
r-dziatlauski,2013,1971.0,145.011
r-zelvienski,2013,741.0,57.286
r-iujeuski,2013,2495.0,180.039
r-karelicki,2013,2246.0,182.751
r-lidski,2013,8832.0,400.006
r-mastouski,2013,2781.0,206.649
r-navahrudski,2013,3714.0,225.336
r-svislacki,2013,1665.0,133.173
r-slonimski,2013,6874.0,315.393
r-smarhonski,2013,4994.0,293.54
r-shchuchynski,2013,4638.0,334.445
r-barysauski,2013,26938.0,1190.111
r-biarezinski,2013,5305.0,345.67
r-valozhynski,2013,5205.0,383.585
r-vilejski,2013,10497.0,730.247
r-dziarzhynski,2013,13649.0,536.739
r-kapylski,2013,9971.0,749.677
r-klecki,2013,4862.0,376.739
r-krupski,2013,7918.0,551.471
r-lahojski,2013,12574.0,805.835
r-lubanski,2013,3184.0,202.767
r-maladziechanski,2013,14078.0,645.18
r-minski,2013,108434.0,1888.343
r-miadzielski,2013,5528.0,416.014
r-niasvizhski,2013,8512.0,446.919
r-puchavicki,2013,11216.0,626.859
r-salihorski,2013,14340.0,591.339
r-slucki,2013,10159.0,577.601
r-smalavicki,2013,25580.0,986.565
r-staradarozhski,2013,5240.0,346.728
r-staubcouski,2013,4449.0,269.998
r-uzdzienski,2013,3926.0,279.01
r-chervienski,2013,4550.0,280.34
r-asipovicki,2013,5145.0,325.731
r-babrujski,2013,11400.0,377.831
r-bychauski,2013,2046.0,136.084
r-bialynicki,2013,2538.0,195.385
r-hluski,2013,794.0,62.82
r-horacki,2013,4485.0,196.9
r-drybinski,2013,420.0,35.308
r-kasciukovicki,2013,3438.0,151.951
r-kirauski,2013,2073.0,141.128
r-klimavicki,2013,1730.0,118.489
r-klichauski,2013,1775.0,146.073
r-krasnapolski,2013,566.0,44.826
r-kruhlanski,2013,643.0,49.784
r-krychauski,2013,5448.0,265.752
r-mahilouski,2013,28616.0,938.201
r-mscislauski,2013,6204.0,473.095
r-slauharadski,2013,1020.0,71.761
r-chocimski,2013,688.0,53.86
r-chavuski,2013,1743.0,137.762
r-cherykauski,2013,494.0,39.864
r-shklouski,2013,5724.0,314.608
BY-HM,2013,26359.0,215.072
BY,2013,935045.0,42110.36
r-baranavicki,2014,11348.0,332.983
r-brescki,2014,24393.0,578.03
r-biarozauski,2014,5905.0,203.717
r-hancavicki,2014,918.0,32.301
r-drahichynski,2014,792.0,50.075
r-zhabinkauski,2014,2876.0,138.796
r-ivanauski,2014,2499.0,93.316
r-ivacevicki,2014,4913.0,222.553
r-kamianiecki,2014,1289.0,85.071
r-kobrynski,2014,4866.0,177.713
r-luniniecki,2014,5065.0,170.231
r-lachavicki,2014,1144.0,78.664
r-malarycki,2014,786.0,52.739
r-pinski,2014,11949.0,427.102
r-pruzhanski,2014,2362.0,164.442
r-stolinski,2014,3703.0,225.229
r-arshanski,2014,13624.0,401.61
r-bieshankovicki,2014,492.0,38.42
r-braslauski,2014,518.0,28.666
r-vierchniadzvinski,2014,1206.0,71.17
r-viciebski,2014,33443.0,779.964
r-haradocki,2014,1414.0,77.415
r-hlybocki,2014,1810.0,76.237
r-dokshycki,2014,1487.0,58.463
r-dubrovienski,2014,2504.0,90.121
r-loznienski,2014,2280.0,109.484
r-lepielski,2014,3497.0,110.354
r-mijorski,2014,904.0,48.115
r-pastauski,2014,1052.0,47.734
r-polacki,2014,21257.0,414.823
r-rasonski,2014,238.0,13.025
r-siennienski,2014,1133.0,54.548
r-talachynski,2014,1275.0,83.595
r-ushacki,2014,197.0,12.777
r-chashnicki,2014,1858.0,69.087
r-sharkoushchynski,2014,404.0,21.03
r-shumilinski,2014,1059.0,54.372
r-akciabrski,2014,1168.0,61.643
r-brahinski,2014,551.0,43.793
r-buda-kashalouski,2014,2029.0,118.002
r-vietkauski,2014,981.0,71.624
r-homielski,2014,32886.0,910.314
r-dobrushski,2014,1652.0,88.354
r-jelski,2014,1196.0,62.268
r-zhlobinski,2014,10507.0,253.99
r-zhytkavicki,2014,1370.0,96.641
r-kalinkavicki,2014,2496.0,88.107
r-karmianski,2014,910.0,57.326
r-lelchycki,2014,869.0,51.726
r-lojeuski,2014,1049.0,73.636
r-mazyrski,2014,12265.0,343.491
r-naraulanski,2014,591.0,40.961
r-pietrykauski,2014,1192.0,91.315
r-rahachouski,2014,2200.0,110.6
r-rechycki,2014,7055.0,266.21
r-svietlahorski,2014,6577.0,217.364
r-chojnicki,2014,989.0,58.43
r-chacherski,2014,299.0,23.877
r-astraviecki,2014,4021.0,135.839
r-ashmianski,2014,1287.0,60.041
r-bierastavicki,2014,941.0,60.835
r-vaukavyski,2014,3775.0,147.426
r-voranauski,2014,885.0,62.521
r-hrodzienski,2014,25659.0,786.631
r-dziatlauski,2014,666.0,36.38
r-zelvienski,2014,283.0,18.063
r-iujeuski,2014,714.0,40.504
r-karelicki,2014,614.0,46.604
r-lidski,2014,5612.0,178.626
r-mastouski,2014,1222.0,61.527
r-navahrudski,2014,1216.0,50.54
r-svislacki,2014,718.0,51.798
r-slonimski,2014,4924.0,159.212
r-smarhonski,2014,2500.0,103.987
r-shchuchynski,2014,1719.0,107.65
r-barysauski,2014,18218.0,614.669
r-biarezinski,2014,1661.0,99.073
r-valozhynski,2014,2327.0,150.097
r-vilejski,2014,3228.0,180.825
r-dziarzhynski,2014,10824.0,414.675
r-kapylski,2014,2441.0,161.622
r-klecki,2014,1066.0,74.58
r-krupski,2014,2694.0,167.947
r-lahojski,2014,6636.0,366.29
r-lubanski,2014,1554.0,70.706
r-maladziechanski,2014,8481.0,307.144
r-minski,2014,87233.0,1770.323
r-miadzielski,2014,1081.0,78.817
r-niasvizhski,2014,4679.0,192.036
r-puchavicki,2014,7850.0,364.555
r-salihorski,2014,10302.0,339.732
r-slucki,2014,6528.0,272.543
r-smalavicki,2014,19579.0,781.758
r-staradarozhski,2014,1516.0,57.437
r-staubcouski,2014,2837.0,120.814
r-uzdzienski,2014,2354.0,112.063
r-chervienski,2014,2908.0,161.805
r-asipovicki,2014,2237.0,98.126
r-babrujski,2014,8917.0,229.198
r-bychauski,2014,1336.0,50.129
r-bialynicki,2014,650.0,44.022
r-hluski,2014,355.0,22.322
r-horacki,2014,2660.0,88.443
r-drybinski,2014,113.0,8.575
r-kasciukovicki,2014,2004.0,63.661
r-kirauski,2014,985.0,45.84
r-klimavicki,2014,747.0,38.807
r-klichauski,2014,339.0,24.575
r-krasnapolski,2014,70.0,5.152
r-kruhlanski,2014,183.0,13.071
r-krychauski,2014,4987.0,137.023
r-mahilouski,2014,21493.0,540.803
r-mscislauski,2014,1330.0,89.057
r-slauharadski,2014,311.0,17.94
r-chocimski,2014,221.0,16.93
r-chavuski,2014,495.0,36.603
r-cherykauski,2014,199.0,14.819
r-shklouski,2014,3185.0,142.876
BY-HM,2014,26139.0,215.072
BY,2014,609103.0,19793.959
r-baranavicki,2015,8828.0,241.608
r-brescki,2015,16657.0,350.652
r-biarozauski,2015,3982.0,172.298
r-hancavicki,2015,787.0,43.819
r-drahichynski,2015,1735.0,65.498
r-zhabinkauski,2015,1428.0,63.322
r-ivanauski,2015,1471.0,53.822
r-ivacevicki,2015,2412.0,108.394
r-kamianiecki,2015,959.0,60.406
r-kobrynski,2015,3295.0,127.125
r-luniniecki,2015,3647.0,129.649
r-lachavicki,2015,563.0,43.493
r-malarycki,2015,512.0,38.35
r-pinski,2015,5191.0,204.386
r-pruzhanski,2015,861.0,61.161
r-stolinski,2015,5117.0,261.121
r-arshanski,2015,12795.0,374.632
r-bieshankovicki,2015,170.0,12.824
r-braslauski,2015,264.0,16.022
r-vierchniadzvinski,2015,775.0,47.903
r-viciebski,2015,25056.0,586.42
r-haradocki,2015,1133.0,67.692
r-hlybocki,2015,1179.0,61.971
r-dokshycki,2015,1005.0,51.539
r-dubrovienski,2015,1899.0,77.668
r-loznienski,2015,1760.0,92.205
r-lepielski,2015,2331.0,89.074
r-mijorski,2015,700.0,44.72
r-pastauski,2015,894.0,45.766
r-polacki,2015,15314.0,388.952
r-rasonski,2015,320.0,19.794
r-siennienski,2015,833.0,48.099
r-talachynski,2015,951.0,62.074
r-ushacki,2015,114.0,9.337
r-chashnicki,2015,1468.0,73.089
r-sharkoushchynski,2015,326.0,19.563
r-shumilinski,2015,817.0,48.005
r-akciabrski,2015,574.0,36.038
r-brahinski,2015,104.0,8.046
r-buda-kashalouski,2015,1477.0,94.481
r-vietkauski,2015,412.0,31.357
r-homielski,2015,24327.0,637.618
r-dobrushski,2015,991.0,62.573
r-jelski,2015,804.0,45.772
r-zhlobinski,2015,8855.0,180.778
r-zhytkavicki,2015,506.0,38.537
r-kalinkavicki,2015,1489.0,60.126
r-karmianski,2015,601.0,37.67
r-lelchycki,2015,416.0,28.793
r-lojeuski,2015,275.0,21.718
r-mazyrski,2015,9304.0,267.764
r-naraulanski,2015,578.0,37.771
r-pietrykauski,2015,507.0,39.61
r-rahachouski,2015,895.0,43.936
r-rechycki,2015,5713.0,184.653
r-svietlahorski,2015,3359.0,108.689
r-chojnicki,2015,442.0,27.081
r-chacherski,2015,343.0,24.884
r-astraviecki,2015,4164.0,133.312
r-ashmianski,2015,878.0,46.031
r-bierastavicki,2015,311.0,20.634
r-vaukavyski,2015,2365.0,108.252
r-voranauski,2015,312.0,23.667
r-hrodzienski,2015,18237.0,500.303
r-dziatlauski,2015,546.0,28.689
r-zelvienski,2015,202.0,15.482
r-iujeuski,2015,594.0,33.922
r-karelicki,2015,244.0,18.933
r-lidski,2015,4225.0,146.627
r-mastouski,2015,717.0,34.374
r-navahrudski,2015,997.0,42.898
r-svislacki,2015,311.0,23.808
r-slonimski,2015,3819.0,144.755
r-smarhonski,2015,1685.0,82.982
r-shchuchynski,2015,1025.0,68.384
r-barysauski,2015,14305.0,439.803
r-biarezinski,2015,865.0,54.855
r-valozhynski,2015,1525.0,103.152
r-vilejski,2015,2040.0,118.944
r-dziarzhynski,2015,8632.0,291.458
r-kapylski,2015,996.0,65.588
r-klecki,2015,357.0,27.423
r-krupski,2015,1781.0,118.366
r-lahojski,2015,4341.0,246.603
r-lubanski,2015,880.0,51.989
r-maladziechanski,2015,6285.0,228.695
r-minski,2015,66093.0,1533.661
r-miadzielski,2015,571.0,42.118
r-niasvizhski,2015,3220.0,162.67
r-puchavicki,2015,4491.0,205.316
r-salihorski,2015,7546.0,246.081
r-slucki,2015,4337.0,172.285
r-smalavicki,2015,14097.0,599.618
r-staradarozhski,2015,792.0,30.529
r-staubcouski,2015,2449.0,98.327
r-uzdzienski,2015,1966.0,97.221
r-chervienski,2015,1662.0,96.725
r-asipovicki,2015,1300.0,65.774
r-babrujski,2015,6581.0,158.434
r-bychauski,2015,950.0,56.315
r-bialynicki,2015,322.0,23.278
r-hluski,2015,210.0,16.093
r-horacki,2015,1392.0,64.308
r-drybinski,2015,0.0,0.0
r-kasciukovicki,2015,1525.0,81.183
r-kirauski,2015,440.0,27.293
r-klimavicki,2015,580.0,39.327
r-klichauski,2015,259.0,19.969
r-krasnapolski,2015,1462.0,64.288
r-kruhlanski,2015,145.0,10.559
r-krychauski,2015,2770.0,98.81
r-mahilouski,2015,17517.0,463.632
r-mscislauski,2015,597.0,39.994
r-slauharadski,2015,198.0,13.84
r-chocimski,2015,156.0,11.799
r-chavuski,2015,336.0,25.924
r-cherykauski,2015,192.0,14.308
r-shklouski,2015,2046.0,94.579
BY-HM,2015,25617.0,215.072
BY,2015,445627.0,14439.788
r-baranavicki,2016,11185.0,320.012
r-brescki,2016,21886.0,459.12
r-biarozauski,2016,4020.0,177.017
r-hancavicki,2016,492.0,28.124
r-drahichynski,2016,414.0,31.657
r-zhabinkauski,2016,1525.0,79.152
r-ivanauski,2016,1649.0,62.801
r-ivacevicki,2016,2007.0,88.655
r-kamianiecki,2016,1648.0,94.58
r-kobrynski,2016,3098.0,129.223
r-luniniecki,2016,3501.0,138.624
r-lachavicki,2016,230.0,18.082
r-malarycki,2016,702.0,47.933
r-pinski,2016,6789.0,266.347
r-pruzhanski,2016,960.0,65.923
r-stolinski,2016,1195.0,93.253
r-arshanski,2016,18819.0,594.969
r-bieshankovicki,2016,478.0,34.511
r-braslauski,2016,682.0,38.374
r-vierchniadzvinski,2016,1566.0,80.845
r-viciebski,2016,38134.0,911.509
r-haradocki,2016,2193.0,115.38
r-hlybocki,2016,2363.0,103.787
r-dokshycki,2016,2068.0,91.157
r-dubrovienski,2016,3842.0,165.305
r-loznienski,2016,3280.0,167.672
r-lepielski,2016,3957.0,140.059
r-mijorski,2016,1602.0,80.705
r-pastauski,2016,1177.0,59.056
r-polacki,2016,23333.0,568.464
r-rasonski,2016,352.0,19.781
r-siennienski,2016,1679.0,78.348
r-talachynski,2016,1628.0,113.63
r-ushacki,2016,132.0,10.811
r-chashnicki,2016,1657.0,71.108
r-sharkoushchynski,2016,523.0,29.837
r-shumilinski,2016,1701.0,82.298
r-akciabrski,2016,839.0,44.916
r-brahinski,2016,227.0,18.125
r-buda-kashalouski,2016,3680.0,235.417
r-vietkauski,2016,926.0,65.348
r-homielski,2016,37498.0,1018.255
r-dobrushski,2016,1588.0,83.088
r-jelski,2016,1184.0,63.859
r-zhlobinski,2016,11908.0,289.332
r-zhytkavicki,2016,598.0,43.272
r-kalinkavicki,2016,2280.0,75.993
r-karmianski,2016,1710.0,103.272
r-lelchycki,2016,377.0,23.992
r-lojeuski,2016,442.0,33.937
r-mazyrski,2016,12047.0,327.13
r-naraulanski,2016,822.0,58.539
r-pietrykauski,2016,715.0,55.404
r-rahachouski,2016,2747.0,108.557
r-rechycki,2016,8400.0,288.781
r-svietlahorski,2016,7092.0,206.894
r-chojnicki,2016,619.0,36.11
r-chacherski,2016,266.0,18.682
r-astraviecki,2016,6642.0,241.252
r-ashmianski,2016,1714.0,81.046
r-bierastavicki,2016,466.0,25.805
r-vaukavyski,2016,3003.0,114.974
r-voranauski,2016,751.0,53.368
r-hrodzienski,2016,20898.0,571.564
r-dziatlauski,2016,422.0,27.665
r-zelvienski,2016,318.0,22.192
r-iujeuski,2016,844.0,49.114
r-karelicki,2016,218.0,16.371
r-lidski,2016,4872.0,176.034
r-mastouski,2016,435.0,28.216
r-navahrudski,2016,1540.0,59.736
r-svislacki,2016,358.0,24.843
r-slonimski,2016,3512.0,133.897
r-smarhonski,2016,3344.0,147.497
r-shchuchynski,2016,911.0,56.11
r-barysauski,2016,25109.0,818.949
r-biarezinski,2016,3029.0,189.026
r-valozhynski,2016,2225.0,151.071
r-vilejski,2016,4457.0,267.812
r-dziarzhynski,2016,12750.0,473.861
r-kapylski,2016,1480.0,89.858
r-klecki,2016,633.0,40.902
r-krupski,2016,4013.0,248.78
r-lahojski,2016,10200.0,534.606
r-lubanski,2016,1660.0,93.601
r-maladziechanski,2016,10610.0,396.71
r-minski,2016,87235.0,1703.194
r-miadzielski,2016,1179.0,84.3
r-niasvizhski,2016,4690.0,223.413
r-puchavicki,2016,10223.0,497.382
r-salihorski,2016,11659.0,426.613
r-slucki,2016,7688.0,319.148
r-smalavicki,2016,26644.0,947.57
r-staradarozhski,2016,1661.0,55.357
r-staubcouski,2016,3422.0,134.67
r-uzdzienski,2016,2646.0,147.356
r-chervienski,2016,5381.0,279.385
r-asipovicki,2016,2875.0,116.614
r-babrujski,2016,10472.0,296.35
r-bychauski,2016,1420.0,71.118
r-bialynicki,2016,511.0,33.913
r-hluski,2016,277.0,21.284
r-horacki,2016,2170.0,94.969
r-drybinski,2016,0.0,0.0
r-kasciukovicki,2016,1502.0,67.769
r-kirauski,2016,1052.0,57.181
r-klimavicki,2016,881.0,55.147
r-klichauski,2016,679.0,43.521
r-krasnapolski,2016,0.0,0.0
r-kruhlanski,2016,166.0,12.068
r-krychauski,2016,3158.0,151.782
r-mahilouski,2016,26867.0,746.12
r-mscislauski,2016,727.0,50.609
r-slauharadski,2016,238.0,17.941
r-chocimski,2016,163.0,12.312
r-chavuski,2016,389.0,29.482
r-cherykauski,2016,355.0,21.974
r-shklouski,2016,4268.0,219.897
BY-HM,2016,26364.0,215.072
BY,2016,644261.0,21218.297
r-baranavicki,2017,9693.0,353.057
r-brescki,2017,22129.0,576.089
r-biarozauski,2017,3879.0,200.574
r-hancavicki,2017,444.0,30.729
r-drahichynski,2017,657.0,50.649
r-zhabinkauski,2017,2008.0,128.245
r-ivanauski,2017,1303.0,68.076
r-ivacevicki,2017,2433.0,122.504
r-kamianiecki,2017,2235.0,133.453
r-kobrynski,2017,3473.0,181.962
r-luniniecki,2017,4356.0,207.685
r-lachavicki,2017,843.0,66.695
r-malarycki,2017,876.0,63.387
r-pinski,2017,5607.0,218.108
r-pruzhanski,2017,1807.0,131.132
r-stolinski,2017,2208.0,169.498
r-arshanski,2017,21928.0,669.087
r-bieshankovicki,2017,393.0,30.076
r-braslauski,2017,795.0,52.464
r-vierchniadzvinski,2017,2088.0,124.883
r-viciebski,2017,34044.0,887.81
r-haradocki,2017,1992.0,135.276
r-hlybocki,2017,2334.0,123.475
r-dokshycki,2017,2124.0,109.468
r-dubrovienski,2017,3862.0,216.63
r-loznienski,2017,3026.0,190.781
r-lepielski,2017,4075.0,180.13
r-mijorski,2017,1771.0,100.146
r-pastauski,2017,1171.0,74.315
r-polacki,2017,23273.0,604.089
r-rasonski,2017,406.0,25.572
r-siennienski,2017,2364.0,136.894
r-talachynski,2017,2072.0,152.694
r-ushacki,2017,174.0,14.251
r-chashnicki,2017,1857.0,101.922
r-sharkoushchynski,2017,638.0,41.089
r-shumilinski,2017,1842.0,105.801
r-akciabrski,2017,843.0,57.454
r-brahinski,2017,454.0,35.739
r-buda-kashalouski,2017,3421.0,257.87
r-vietkauski,2017,1409.0,114.517
r-homielski,2017,35452.0,1205.482
r-dobrushski,2017,1908.0,122.475
r-jelski,2017,1276.0,87.28
r-zhlobinski,2017,9083.0,294.585
r-zhytkavicki,2017,1009.0,76.543
r-kalinkavicki,2017,2617.0,154.32
r-karmianski,2017,887.0,58.872
r-lelchycki,2017,571.0,43.18
r-lojeuski,2017,334.0,26.486
r-mazyrski,2017,11964.0,399.762
r-naraulanski,2017,1480.0,106.961
r-pietrykauski,2017,1255.0,92.351
r-rahachouski,2017,1627.0,85.297
r-rechycki,2017,8037.0,398.72
r-svietlahorski,2017,5797.0,242.996
r-chojnicki,2017,794.0,56.824
r-chacherski,2017,332.0,25.948
r-astraviecki,2017,5355.0,256.256
r-ashmianski,2017,1638.0,98.073
r-bierastavicki,2017,703.0,45.879
r-vaukavyski,2017,3370.0,156.206
r-voranauski,2017,1014.0,75.024
r-hrodzienski,2017,23720.0,813.573
r-dziatlauski,2017,822.0,55.379
r-zelvienski,2017,499.0,29.934
r-iujeuski,2017,855.0,57.763
r-karelicki,2017,352.0,28.134
r-lidski,2017,6025.0,245.117
r-mastouski,2017,945.0,52.32
r-navahrudski,2017,1661.0,71.478
r-svislacki,2017,860.0,67.869
r-slonimski,2017,3911.0,176.288
r-smarhonski,2017,3456.0,162.468
r-shchuchynski,2017,1691.0,92.301
r-barysauski,2017,22659.0,813.024
r-biarezinski,2017,1886.0,141.279
r-valozhynski,2017,2666.0,190.078
r-vilejski,2017,2507.0,163.933
r-dziarzhynski,2017,11063.0,440.731
r-kapylski,2017,1480.0,95.585
r-klecki,2017,776.0,57.47
r-krupski,2017,4915.0,340.477
r-lahojski,2017,10495.0,638.067
r-lubanski,2017,2006.0,127.92
r-maladziechanski,2017,9358.0,406.79
r-minski,2017,73962.0,1620.735
r-miadzielski,2017,567.0,41.698
r-niasvizhski,2017,4478.0,248.141
r-puchavicki,2017,7559.0,416.728
r-salihorski,2017,11330.0,481.831
r-slucki,2017,6110.0,334.617
r-smalavicki,2017,21874.0,895.302
r-staradarozhski,2017,1392.0,66.738
r-staubcouski,2017,2633.0,162.311
r-uzdzienski,2017,2256.0,131.53
r-chervienski,2017,3879.0,245.451
r-asipovicki,2017,2028.0,107.389
r-babrujski,2017,8562.0,327.891
r-bychauski,2017,1224.0,79.305
r-bialynicki,2017,604.0,45.04
r-hluski,2017,0.0,0.0
r-horacki,2017,1886.0,105.516
r-drybinski,2017,0.0,0.0
r-kasciukovicki,2017,1757.0,112.989
r-kirauski,2017,1346.0,93.758
r-klimavicki,2017,996.0,73.536
r-klichauski,2017,648.0,47.624
r-krasnapolski,2017,54.0,4.122
r-kruhlanski,2017,258.0,19.608
r-krychauski,2017,2538.0,157.884
r-mahilouski,2017,20969.0,662.457
r-mscislauski,2017,1306.0,97.648
r-slauharadski,2017,0.0,0.0
r-chocimski,2017,323.0,27.19
r-chavuski,2017,526.0,42.195
r-cherykauski,2017,408.0,30.661
r-shklouski,2017,3788.0,234.417
BY-HM,2017,25948.0,215.072
BY,2017,607472.0,23858.166
r-baranavicki,2018,13281.0,454.706
r-brescki,2018,24725.0,591.122
r-biarozauski,2018,6151.0,234.659
r-hancavicki,2018,849.0,46.92
r-drahichynski,2018,851.0,55.94
r-zhabinkauski,2018,2523.0,149.868
r-ivanauski,2018,2277.0,105.064
r-ivacevicki,2018,3367.0,135.524
r-kamianiecki,2018,2749.0,168.113
r-kobrynski,2018,5178.0,225.769
r-luniniecki,2018,7089.0,256.165
r-lachavicki,2018,1178.0,90.994
r-malarycki,2018,1265.0,84.163
r-pinski,2018,9023.0,303.054
r-pruzhanski,2018,1909.0,123.807
r-stolinski,2018,3389.0,224.603
r-arshanski,2018,31398.0,921.979
r-bieshankovicki,2018,1092.0,74.913
r-braslauski,2018,1071.0,58.787
r-vierchniadzvinski,2018,2933.0,141.826
r-viciebski,2018,50623.0,1193.359
r-haradocki,2018,4483.0,205.402
r-hlybocki,2018,4565.0,182.548
r-dokshycki,2018,3854.0,151.082
r-dubrovienski,2018,6781.0,300.312
r-loznienski,2018,5333.0,249.02
r-lepielski,2018,6374.0,228.628
r-mijorski,2018,2776.0,118.094
r-pastauski,2018,1537.0,80.707
r-polacki,2018,30347.0,739.555
r-rasonski,2018,670.0,34.26
r-siennienski,2018,3669.0,143.799
r-talachynski,2018,3734.0,212.219
r-ushacki,2018,233.0,16.216
r-chashnicki,2018,3157.0,128.701
r-sharkoushchynski,2018,811.0,38.645
r-shumilinski,2018,3851.0,178.784
r-akciabrski,2018,2380.0,130.535
r-brahinski,2018,500.0,36.833
r-buda-kashalouski,2018,7056.0,443.093
r-vietkauski,2018,2293.0,170.904
r-homielski,2018,52061.0,1327.121
r-dobrushski,2018,3392.0,190.88
r-jelski,2018,2688.0,136.203
r-zhlobinski,2018,13482.0,379.231
r-zhytkavicki,2018,1656.0,102.375
r-kalinkavicki,2018,4146.0,150.583
r-karmianski,2018,2245.0,154.409
r-lelchycki,2018,783.0,45.842
r-lojeuski,2018,798.0,54.612
r-mazyrski,2018,20183.0,496.291
r-naraulanski,2018,2267.0,127.711
r-pietrykauski,2018,1290.0,89.183
r-rahachouski,2018,3079.0,143.709
r-rechycki,2018,12665.0,490.38
r-svietlahorski,2018,8824.0,294.175
r-chojnicki,2018,1077.0,52.561
r-chacherski,2018,415.0,29.583
r-astraviecki,2018,7854.0,334.817
r-ashmianski,2018,2017.0,107.066
r-bierastavicki,2018,696.0,43.814
r-vaukavyski,2018,5178.0,204.704
r-voranauski,2018,1630.0,100.237
r-hrodzienski,2018,23080.0,693.03
r-dziatlauski,2018,853.0,56.916
r-zelvienski,2018,640.0,35.096
r-iujeuski,2018,1053.0,65.828
r-karelicki,2018,807.0,53.182
r-lidski,2018,6361.0,261.346
r-mastouski,2018,1449.0,60.012
r-navahrudski,2018,2072.0,86.788
r-svislacki,2018,1342.0,77.184
r-slonimski,2018,5152.0,196.431
r-smarhonski,2018,5819.0,218.514
r-shchuchynski,2018,1818.0,110.615
r-barysauski,2018,36099.0,1302.326
r-biarezinski,2018,3179.0,226.511
r-valozhynski,2018,4011.0,245.686
r-vilejski,2018,3162.0,179.429
r-dziarzhynski,2018,17261.0,683.181
r-kapylski,2018,3470.0,230.319
r-klecki,2018,1003.0,72.495
r-krupski,2018,8312.0,434.133
r-lahojski,2018,18473.0,918.893
r-lubanski,2018,3117.0,160.669
r-maladziechanski,2018,12158.0,499.923
r-minski,2018,104259.0,1832.089
r-miadzielski,2018,1528.0,108.11
r-niasvizhski,2018,5544.0,267.7
r-puchavicki,2018,13659.0,652.123
r-salihorski,2018,20649.0,666.401
r-slucki,2018,8374.0,370.353
r-smalavicki,2018,35505.0,1120.828
r-staradarozhski,2018,2728.0,105.471
r-staubcouski,2018,8523.0,398.637
r-uzdzienski,2018,3573.0,176.537
r-chervienski,2018,8153.0,433.585
r-asipovicki,2018,3617.0,154.095
r-babrujski,2018,12350.0,412.1
r-bychauski,2018,1939.0,99.776
r-bialynicki,2018,1712.0,119.462
r-hluski,2018,816.0,45.164
r-horacki,2018,3694.0,136.661
r-drybinski,2018,406.0,27.246
r-kasciukovicki,2018,1874.0,92.394
r-kirauski,2018,1951.0,120.529
r-klimavicki,2018,1323.0,77.108
r-klichauski,2018,929.0,62.976
r-krasnapolski,2018,0.0,0.0
r-kruhlanski,2018,748.0,55.317
r-krychauski,2018,6769.0,274.967
r-mahilouski,2018,31323.0,880.704
r-mscislauski,2018,2954.0,194.837
r-slauharadski,2018,407.0,28.692
r-chocimski,2018,647.0,38.463
r-chavuski,2018,1088.0,70.663
r-cherykauski,2018,663.0,34.749
r-shklouski,2018,8774.0,488.149
BY-HM,2018,26513.0,215.072
BY,2018,902810.0,31223.112
r-baranavicki,2019,10394.0,347.884
r-brescki,2019,22227.0,562.399
r-biarozauski,2019,4232.0,215.268
r-hancavicki,2019,629.0,35.416
r-drahichynski,2019,735.0,53.842
r-zhabinkauski,2019,2080.0,121.901
r-ivanauski,2019,1173.0,58.635
r-ivacevicki,2019,2162.0,97.469
r-kamianiecki,2019,2338.0,145.047
r-kobrynski,2019,2825.0,124.995
r-luniniecki,2019,5200.0,215.564
r-lachavicki,2019,518.0,38.272
r-malarycki,2019,755.0,54.313
r-pinski,2019,8183.0,330.394
r-pruzhanski,2019,1158.0,79.967
r-stolinski,2019,3516.0,195.49
r-arshanski,2019,27096.0,833.091
r-bieshankovicki,2019,357.0,25.155
r-braslauski,2019,1259.0,81.096
r-vierchniadzvinski,2019,2144.0,130.641
r-viciebski,2019,38024.0,929.789
r-haradocki,2019,2429.0,153.307
r-hlybocki,2019,2930.0,120.037
r-dokshycki,2019,2351.0,125.287
r-dubrovienski,2019,4204.0,230.088
r-loznienski,2019,3026.0,174.513
r-lepielski,2019,3847.0,177.66
r-mijorski,2019,2678.0,138.986
r-pastauski,2019,2033.0,110.25
r-polacki,2019,25577.0,630.841
r-rasonski,2019,437.0,29.434
r-siennienski,2019,2113.0,117.041
r-talachynski,2019,2202.0,142.166
r-ushacki,2019,0.0,0.0
r-chashnicki,2019,1811.0,92.926
r-sharkoushchynski,2019,953.0,55.273
r-shumilinski,2019,2001.0,113.64
r-akciabrski,2019,875.0,52.75
r-brahinski,2019,252.0,19.179
r-buda-kashalouski,2019,4735.0,313.643
r-vietkauski,2019,1556.0,108.797
r-homielski,2019,38988.0,1133.585
r-dobrushski,2019,3057.0,184.005
r-jelski,2019,1513.0,97.92
r-zhlobinski,2019,10080.0,282.628
r-zhytkavicki,2019,1024.0,70.716
r-kalinkavicki,2019,2438.0,109.396
r-karmianski,2019,774.0,53.16
r-lelchycki,2019,550.0,37.853
r-lojeuski,2019,583.0,40.242
r-mazyrski,2019,15162.0,412.502
r-naraulanski,2019,1367.0,85.117
r-pietrykauski,2019,765.0,56.498
r-rahachouski,2019,1567.0,88.404
r-rechycki,2019,7323.0,328.733
r-svietlahorski,2019,5875.0,202.211
r-chojnicki,2019,608.0,43.543
r-chacherski,2019,427.0,29.583
r-astraviecki,2019,6711.0,318.912
r-ashmianski,2019,2509.0,137.104
r-bierastavicki,2019,1076.0,64.968
r-vaukavyski,2019,5812.0,257.829
r-voranauski,2019,1445.0,96.153
r-hrodzienski,2019,28560.0,988.54
r-dziatlauski,2019,1600.0,90.24
r-zelvienski,2019,561.0,30.967
r-iujeuski,2019,690.0,44.087
r-karelicki,2019,872.0,61.893
r-lidski,2019,8774.0,277.527
r-mastouski,2019,2337.0,89.737
r-navahrudski,2019,3397.0,123.492
r-svislacki,2019,883.0,56.423
r-slonimski,2019,3845.0,168.53
r-smarhonski,2019,5153.0,217.557
r-shchuchynski,2019,1798.0,106.566
r-barysauski,2019,23921.0,773.686
r-biarezinski,2019,736.0,50.285
r-valozhynski,2019,3348.0,209.759
r-vilejski,2019,2080.0,120.512
r-dziarzhynski,2019,10534.0,379.964
r-kapylski,2019,1893.0,107.473
r-klecki,2019,868.0,63.19
r-krupski,2019,5076.0,330.442
r-lahojski,2019,11430.0,600.921
r-lubanski,2019,2800.0,151.861
r-maladziechanski,2019,9186.0,403.217
r-minski,2019,87241.0,1667.758
r-miadzielski,2019,1375.0,95.707
r-niasvizhski,2019,4309.0,237.844
r-puchavicki,2019,8378.0,437.676
r-salihorski,2019,14897.0,561.157
r-slucki,2019,6375.0,300.004
r-smalavicki,2019,30173.0,1000.194
r-staradarozhski,2019,1682.0,77.092
r-staubcouski,2019,1844.0,113.139
r-uzdzienski,2019,1703.0,100.315
r-chervienski,2019,4772.0,248.907
r-asipovicki,2019,3120.0,159.227
r-babrujski,2019,9383.0,304.12
r-bychauski,2019,1189.0,76.236
r-bialynicki,2019,1239.0,77.434
r-hluski,2019,928.0,48.279
r-horacki,2019,2293.0,109.031
r-drybinski,2019,0.0,0.0
r-kasciukovicki,2019,1076.0,68.274
r-kirauski,2019,1447.0,88.596
r-klimavicki,2019,868.0,58.209
r-klichauski,2019,799.0,53.262
r-krasnapolski,2019,161.0,11.818
r-kruhlanski,2019,315.0,22.627
r-krychauski,2019,2889.0,163.485
r-mahilouski,2019,24953.0,697.991
r-mscislauski,2019,663.0,46.065
r-slauharadski,2019,336.0,24.603
r-chocimski,2019,0.0,0.0
r-chavuski,2019,1110.0,68.11
r-cherykauski,2019,578.0,35.771
r-shklouski,2019,4518.0,232.457
BY-HM,2019,26077.0,215.072
BY,2019,692553.0,24671.8
r-baranavicki,2020,8074.0,214.286
r-brescki,2020,17561.0,451.122
r-biarozauski,2020,3708.0,175.508
r-hancavicki,2020,477.0,29.167
r-drahichynski,2020,315.0,23.748
r-zhabinkauski,2020,1341.0,78.098
r-ivanauski,2020,955.0,53.27
r-ivacevicki,2020,1687.0,69.833
r-kamianiecki,2020,1183.0,74.07
r-kobrynski,2020,2736.0,113.916
r-luniniecki,2020,3654.0,134.411
r-lachavicki,2020,746.0,35.242
r-malarycki,2020,648.0,46.859
r-pinski,2020,8851.0,304.002
r-pruzhanski,2020,944.0,60.037
r-stolinski,2020,2225.0,133.475
r-arshanski,2020,16133.0,518.001
r-bieshankovicki,2020,327.0,22.687
r-braslauski,2020,457.0,22.329
r-vierchniadzvinski,2020,891.0,59.958
r-viciebski,2020,27146.0,645.966
r-haradocki,2020,1344.0,78.822
r-hlybocki,2020,1907.0,71.82
r-dokshycki,2020,1200.0,69.863
r-dubrovienski,2020,2277.0,100.589
r-loznienski,2020,1427.0,87.756
r-lepielski,2020,2379.0,104.418
r-mijorski,2020,1341.0,70.473
r-pastauski,2020,805.0,50.196
r-polacki,2020,22882.0,541.157
r-rasonski,2020,217.0,14.956
r-siennienski,2020,1066.0,62.975
r-talachynski,2020,1149.0,79.101
r-ushacki,2020,133.0,9.337
r-chashnicki,2020,1052.0,54.688
r-sharkoushchynski,2020,326.0,20.543
r-shumilinski,2020,890.0,51.436
r-akciabrski,2020,590.0,37.604
r-brahinski,2020,161.0,12.248
r-buda-kashalouski,2020,1045.0,72.558
r-vietkauski,2020,858.0,53.904
r-homielski,2020,27750.0,829.189
r-dobrushski,2020,1090.0,67.841
r-jelski,2020,1053.0,70.79
r-zhlobinski,2020,7863.0,186.61
r-zhytkavicki,2020,634.0,45.314
r-kalinkavicki,2020,1939.0,76.62
r-karmianski,2020,539.0,37.671
r-lelchycki,2020,399.0,28.256
r-lojeuski,2020,301.0,22.257
r-mazyrski,2020,12231.0,355.733
r-naraulanski,2020,845.0,59.043
r-pietrykauski,2020,881.0,62.316
r-rahachouski,2020,1010.0,55.318
r-rechycki,2020,5090.0,220.917
r-svietlahorski,2020,4882.0,143.689
r-chojnicki,2020,410.0,29.736
r-chacherski,2020,232.0,17.125
r-astraviecki,2020,3557.0,139.33
r-ashmianski,2020,1057.0,54.538
r-bierastavicki,2020,647.0,36.605
r-vaukavyski,2020,3723.0,137.652
r-voranauski,2020,456.0,30.706
r-hrodzienski,2020,20711.0,621.508
r-dziatlauski,2020,909.0,41.5
r-zelvienski,2020,390.0,21.676
r-iujeuski,2020,425.0,27.868
r-karelicki,2020,657.0,41.432
r-lidski,2020,5791.0,186.193
r-mastouski,2020,1431.0,50.266
r-navahrudski,2020,2025.0,78.087
r-svislacki,2020,675.0,40.917
r-slonimski,2020,2826.0,108.584
r-smarhonski,2020,3063.0,106.954
r-shchuchynski,2020,1042.0,62.728
r-barysauski,2020,15771.0,450.473
r-biarezinski,2020,1345.0,66.536
r-valozhynski,2020,1303.0,84.914
r-vilejski,2020,1250.0,68.496
r-dziarzhynski,2020,7979.0,292.435
r-kapylski,2020,944.0,54.245
r-klecki,2020,529.0,38.332
r-krupski,2020,2005.0,138.43
r-lahojski,2020,5161.0,284.427
r-lubanski,2020,2414.0,120.678
r-maladziechanski,2020,4800.0,176.42
r-minski,2020,70175.0,1550.9
r-miadzielski,2020,154.0,10.892
r-niasvizhski,2020,2485.0,134.88
r-puchavicki,2020,5918.0,302.287
r-salihorski,2020,11350.0,413.656
r-slucki,2020,3476.0,165.122
r-smalavicki,2020,21631.0,860.168
r-staradarozhski,2020,930.0,42.946
r-staubcouski,2020,910.0,55.293
r-uzdzienski,2020,623.0,37.401
r-chervienski,2020,2972.0,154.259
r-asipovicki,2020,1808.0,86.325
r-babrujski,2020,6542.0,194.655
r-bychauski,2020,556.0,35.305
r-bialynicki,2020,441.0,31.379
r-hluski,2020,454.0,25.956
r-horacki,2020,1078.0,53.262
r-drybinski,2020,0.0,0.0
r-kasciukovicki,2020,808.0,51.881
r-kirauski,2020,732.0,43.261
r-klimavicki,2020,605.0,43.408
r-klichauski,2020,259.0,18.952
r-krasnapolski,2020,226.0,15.948
r-kruhlanski,2020,245.0,17.598
r-krychauski,2020,1842.0,95.75
r-mahilouski,2020,16507.0,428.134
r-mscislauski,2020,252.0,18.207
r-slauharadski,2020,296.0,21.53
r-chocimski,2020,0.0,0.0
r-chavuski,2020,442.0,30.498
r-cherykauski,2020,331.0,22.486
r-shklouski,2020,1707.0,84.022
BY-HM,2020,25475.0,215.072
BY,2020,486546.0,16117.77
r-baranavicki,2021,19792.0,712.679
r-brescki,2021,29048.0,848.009
r-biarozauski,2021,10398.0,429.519
r-hancavicki,2021,1646.0,75.509
r-drahichynski,2021,1578.0,106.568
r-zhabinkauski,2021,4357.0,245.434
r-ivanauski,2021,3571.0,198.331
r-ivacevicki,2021,5274.0,227.733
r-kamianiecki,2021,5700.0,379.445
r-kobrynski,2021,7585.0,347.082
r-luniniecki,2021,7885.0,301.487
r-lachavicki,2021,2981.0,196.094
r-malarycki,2021,2112.0,144.264
r-pinski,2021,11423.0,483.668
r-pruzhanski,2021,5869.0,379.591
r-stolinski,2021,6745.0,373.472
r-arshanski,2021,37935.0,1260.019
r-bieshankovicki,2021,2205.0,132.598
r-braslauski,2021,5114.0,298.761
r-vierchniadzvinski,2021,7607.0,439.731
r-viciebski,2021,51268.0,1380.248
r-haradocki,2021,6803.0,282.793
r-hlybocki,2021,7690.0,370.91
r-dokshycki,2021,6093.0,282.353
r-dubrovienski,2021,8236.0,391.399
r-loznienski,2021,8548.0,485.143
r-lepielski,2021,9018.0,352.262
r-mijorski,2021,5348.0,231.366
r-pastauski,2021,5929.0,322.858
r-polacki,2021,40365.0,1096.072
r-rasonski,2021,1232.0,64.201
r-siennienski,2021,7061.0,411.564
r-talachynski,2021,5318.0,300.332
r-ushacki,2021,540.0,33.413
r-chashnicki,2021,4968.0,250.793
r-sharkoushchynski,2021,3625.0,195.71
r-shumilinski,2021,4476.0,202.825
r-akciabrski,2021,2197.0,104.985
r-brahinski,2021,893.0,66.164
r-buda-kashalouski,2021,9862.0,630.738
r-vietkauski,2021,4915.0,265.383
r-homielski,2021,52159.0,1581.302
r-dobrushski,2021,7963.0,472.452
r-jelski,2021,2255.0,132.564
r-zhlobinski,2021,14148.0,522.733
r-zhytkavicki,2021,2878.0,179.059
r-kalinkavicki,2021,5065.0,215.816
r-karmianski,2021,6049.0,367.831
r-lelchycki,2021,1008.0,60.804
r-lojeuski,2021,1250.0,75.208
r-mazyrski,2021,18412.0,460.752
r-naraulanski,2021,2377.0,141.578
r-pietrykauski,2021,3003.0,174.165
r-rahachouski,2021,11783.0,690.94
r-rechycki,2021,14135.0,654.01
r-svietlahorski,2021,9991.0,402.306
r-chojnicki,2021,1262.0,69.037
r-chacherski,2021,1025.0,73.15
r-astraviecki,2021,15879.0,737.576
r-ashmianski,2021,7390.0,290.866
r-bierastavicki,2021,6368.0,391.693
r-vaukavyski,2021,12465.0,580.501
r-voranauski,2021,7702.0,491.063
r-hrodzienski,2021,45934.0,1637.274
r-dziatlauski,2021,4632.0,218.395
r-zelvienski,2021,2849.0,151.133
r-iujeuski,2021,8095.0,524.345
r-karelicki,2021,6552.0,381.539
r-lidski,2021,16694.0,576.795
r-mastouski,2021,4969.0,193.372
r-navahrudski,2021,9320.0,426.423
r-svislacki,2021,3359.0,200.481
r-slonimski,2021,10446.0,464.692
r-smarhonski,2021,11141.0,455.383
r-shchuchynski,2021,10158.0,636.869
r-barysauski,2021,34707.0,1280.041
r-biarezinski,2021,10111.0,573.462
r-valozhynski,2021,9577.0,587.437
r-vilejski,2021,7549.0,397.644
r-dziarzhynski,2021,19216.0,711.532
r-kapylski,2021,7735.0,478.595
r-klecki,2021,2514.0,164.718
r-krupski,2021,11998.0,679.606
r-lahojski,2021,22579.0,1137.836
r-lubanski,2021,9740.0,509.565
r-maladziechanski,2021,15973.0,711.512
r-minski,2021,120798.0,1926.127
r-miadzielski,2021,3439.0,229.111
r-niasvizhski,2021,9443.0,426.811
r-puchavicki,2021,18308.0,806.2
r-salihorski,2021,21274.0,702.845
r-slucki,2021,9828.0,465.07
r-smalavicki,2021,41820.0,1152.217
r-staradarozhski,2021,5241.0,256.517
r-staubcouski,2021,5399.0,303.676
r-uzdzienski,2021,4227.0,227.753
r-chervienski,2021,11532.0,555.567
r-asipovicki,2021,6350.0,273.764
r-babrujski,2021,15941.0,560.393
r-bychauski,2021,2782.0,136.1
r-bialynicki,2021,2589.0,174.628
r-hluski,2021,1582.0,61.26
r-horacki,2021,4070.0,194.304
r-drybinski,2021,210.0,15.129
r-kasciukovicki,2021,2389.0,111.432
r-kirauski,2021,3628.0,185.939
r-klimavicki,2021,1788.0,113.307
r-klichauski,2021,1515.0,95.769
r-krasnapolski,2021,476.0,34.43
r-kruhlanski,2021,526.0,36.201
r-krychauski,2021,4152.0,188.47
r-mahilouski,2021,31067.0,837.539
r-mscislauski,2021,2363.0,162.446
r-slauharadski,2021,2012.0,117.941
r-chocimski,2021,546.0,40.018
r-chavuski,2021,1667.0,86.921
r-cherykauski,2021,985.0,57.727
r-shklouski,2021,6056.0,275.65
BY-HM,2021,26636.0,215.072
BY,2021,1239970.0,48420.746
r-baranavicki,2022,14644.0,548.222
r-brescki,2022,23705.0,674.471
r-biarozauski,2022,7858.0,374.608
r-hancavicki,2022,1584.0,95.3
r-drahichynski,2022,1740.0,127.608
r-zhabinkauski,2022,2759.0,175.202
r-ivanauski,2022,2108.0,120.805
r-ivacevicki,2022,2953.0,138.257
r-kamianiecki,2022,4767.0,329.904
r-kobrynski,2022,5796.0,279.475
r-luniniecki,2022,7010.0,336.225
r-lachavicki,2022,1401.0,91.567
r-malarycki,2022,2118.0,158.087
r-pinski,2022,10714.0,499.999
r-pruzhanski,2022,2782.0,197.96
r-stolinski,2022,4278.0,285.147
r-arshanski,2022,38059.0,1278.923
r-bieshankovicki,2022,1922.0,122.212
r-braslauski,2022,3306.0,180.337
r-vierchniadzvinski,2022,5788.0,362.187
r-viciebski,2022,45803.0,1179.169
r-haradocki,2022,5117.0,254.618
r-hlybocki,2022,6952.0,422.902
r-dokshycki,2022,5563.0,298.726
r-dubrovienski,2022,6599.0,321.13
r-loznienski,2022,7029.0,411.71
r-lepielski,2022,7088.0,331.038
r-mijorski,2022,3490.0,172.525
r-pastauski,2022,3969.0,247.605
r-polacki,2022,35983.0,966.732
r-rasonski,2022,1212.0,61.29
r-siennienski,2022,7467.0,459.805
r-talachynski,2022,5013.0,310.836
r-ushacki,2022,714.0,47.663
r-chashnicki,2022,4780.0,245.475
r-sharkoushchynski,2022,2365.0,137.965
r-shumilinski,2022,4279.0,214.634
r-akciabrski,2022,1584.0,94.536
r-brahinski,2022,765.0,57.096
r-buda-kashalouski,2022,4890.0,326.769
r-vietkauski,2022,2742.0,172.444
r-homielski,2022,41404.0,1310.685
r-dobrushski,2022,3630.0,228.275
r-jelski,2022,2445.0,139.469
r-zhlobinski,2022,9099.0,316.874
r-zhytkavicki,2022,2498.0,174.807
r-kalinkavicki,2022,3706.0,153.702
r-karmianski,2022,2657.0,165.128
r-lelchycki,2022,1054.0,73.57
r-lojeuski,2022,636.0,43.448
r-mazyrski,2022,19387.0,452.284
r-naraulanski,2022,2682.0,126.099
r-pietrykauski,2022,2621.0,172.663
r-rahachouski,2022,2696.0,141.148
r-rechycki,2022,10533.0,485.52
r-svietlahorski,2022,7791.0,286.834
r-chojnicki,2022,1063.0,73.289
r-chacherski,2022,602.0,44.626
r-astraviecki,2022,8930.0,417.868
r-ashmianski,2022,5636.0,257.393
r-bierastavicki,2022,4179.0,263.736
r-vaukavyski,2022,6435.0,313.385
r-voranauski,2022,3816.0,255.798
r-hrodzienski,2022,34299.0,1248.203
r-dziatlauski,2022,2967.0,170.221
r-zelvienski,2022,1513.0,90.271
r-iujeuski,2022,3734.0,252.786
r-karelicki,2022,2975.0,190.007
r-lidski,2022,11285.0,415.86
r-mastouski,2022,2884.0,124.111
r-navahrudski,2022,5196.0,215.163
r-svislacki,2022,2333.0,150.226
r-slonimski,2022,5588.0,240.887
r-smarhonski,2022,7089.0,320.552
r-shchuchynski,2022,4731.0,303.75
r-barysauski,2022,32037.0,1349.514
r-biarezinski,2022,6531.0,385.093
r-valozhynski,2022,5464.0,348.372
r-vilejski,2022,5069.0,274.749
r-dziarzhynski,2022,13295.0,519.869
r-kapylski,2022,2512.0,143.596
r-klecki,2022,2725.0,169.854
r-krupski,2022,12013.0,665.796
r-lahojski,2022,16515.0,946.333
r-lubanski,2022,6534.0,364.74
r-maladziechanski,2022,10940.0,528.042
r-minski,2022,94450.0,1867.893
r-miadzielski,2022,2591.0,180.819
r-niasvizhski,2022,6831.0,336.661
r-puchavicki,2022,13394.0,689.939
r-salihorski,2022,17121.0,689.426
r-slucki,2022,8544.0,462.946
r-smalavicki,2022,26522.0,927.357
r-staradarozhski,2022,4208.0,237.414
r-staubcouski,2022,4268.0,267.78
r-uzdzienski,2022,4131.0,261.591
r-chervienski,2022,8023.0,450.233
r-asipovicki,2022,5269.0,292.158
r-babrujski,2022,11999.0,431.738
r-bychauski,2022,3409.0,143.765
r-bialynicki,2022,1403.0,96.651
r-hluski,2022,945.0,57.105
r-horacki,2022,3210.0,176.708
r-drybinski,2022,770.0,55.485
r-kasciukovicki,2022,2378.0,142.772
r-kirauski,2022,2784.0,168.409
r-klimavicki,2022,2314.0,111.313
r-klichauski,2022,1462.0,105.513
r-krasnapolski,2022,688.0,48.818
r-kruhlanski,2022,719.0,50.278
r-krychauski,2022,4029.0,181.341
r-mahilouski,2022,26084.0,709.094
r-mscislauski,2022,818.0,58.697
r-slauharadski,2022,1103.0,69.715
r-chocimski,2022,0.0,0.0
r-chavuski,2022,1715.0,107.252
r-cherykauski,2022,839.0,56.211
r-shklouski,2022,4558.0,247.485
BY-HM,2022,26328.0,215.072
BY,2022,947594.0,38508.858
r-baranavicki,2023,12747.0,440.935
r-brescki,2023,22343.0,607.292
r-biarozauski,2023,7146.0,343.568
r-hancavicki,2023,1513.0,82.267
r-drahichynski,2023,1344.0,100.248
r-zhabinkauski,2023,2493.0,166.228
r-ivanauski,2023,1594.0,86.085
r-ivacevicki,2023,4241.0,235.727
r-kamianiecki,2023,3322.0,236.945
r-kobrynski,2023,5796.0,295.223
r-luniniecki,2023,7349.0,350.963
r-lachavicki,2023,1344.0,97.853
r-malarycki,2023,1275.0,95.33
r-pinski,2023,9168.0,406.775
r-pruzhanski,2023,3003.0,216.215
r-stolinski,2023,3403.0,233.749
r-arshanski,2023,42022.0,1342.156
r-bieshankovicki,2023,3637.0,233.962
r-braslauski,2023,6254.0,382.005
r-vierchniadzvinski,2023,10754.0,631.242
r-viciebski,2023,54133.0,1476.059
r-haradocki,2023,8167.0,377.598
r-hlybocki,2023,11285.0,648.413
r-dokshycki,2023,8985.0,509.07
r-dubrovienski,2023,7355.0,352.041
r-loznienski,2023,10500.0,589.529
r-lepielski,2023,9900.0,441.207
r-mijorski,2023,5471.0,216.183
r-pastauski,2023,4805.0,286.483
r-polacki,2023,45797.0,1216.868
r-rasonski,2023,2987.0,171.279
r-siennienski,2023,7228.0,444.813
r-talachynski,2023,4864.0,305.88
r-ushacki,2023,1297.0,86.483
r-chashnicki,2023,6890.0,310.457
r-sharkoushchynski,2023,4141.0,208.281
r-shumilinski,2023,7159.0,355.263
r-akciabrski,2023,2474.0,166.687
r-brahinski,2023,1158.0,82.682
r-buda-kashalouski,2023,2971.0,200.437
r-vietkauski,2023,2884.0,186.615
r-homielski,2023,38654.0,1361.703
r-dobrushski,2023,2861.0,185.486
r-jelski,2023,1927.0,122.978
r-zhlobinski,2023,9817.0,314.267
r-zhytkavicki,2023,2121.0,150.968
r-kalinkavicki,2023,4012.0,165.262
r-karmianski,2023,3378.0,217.261
r-lelchycki,2023,1277.0,91.214
r-lojeuski,2023,737.0,50.326
r-mazyrski,2023,16176.0,426.296
r-naraulanski,2023,1751.0,105.877
r-pietrykauski,2023,2522.0,164.214
r-rahachouski,2023,2907.0,173.083
r-rechycki,2023,12504.0,644.878
r-svietlahorski,2023,7355.0,304.194
r-chojnicki,2023,986.0,69.57
r-chacherski,2023,565.0,41.514
r-astraviecki,2023,10944.0,517.299
r-ashmianski,2023,7212.0,296.927
r-bierastavicki,2023,4152.0,277.6
r-vaukavyski,2023,8109.0,381.291
r-voranauski,2023,6156.0,413.436
r-hrodzienski,2023,34147.0,1285.453
r-dziatlauski,2023,4579.0,280.431
r-zelvienski,2023,1740.0,104.706
r-iujeuski,2023,4901.0,323.228
r-karelicki,2023,4310.0,278.005
r-lidski,2023,13735.0,533.602
r-mastouski,2023,3795.0,185.206
r-navahrudski,2023,7267.0,335.953
r-svislacki,2023,1890.0,122.23
r-slonimski,2023,5656.0,248.108
r-smarhonski,2023,9572.0,441.311
r-shchuchynski,2023,6891.0,452.837
r-barysauski,2023,37253.0,1586.132
r-biarezinski,2023,4758.0,283.238
r-valozhynski,2023,9340.0,581.704
r-vilejski,2023,12525.0,697.615
r-dziarzhynski,2023,18894.0,828.128
r-kapylski,2023,3295.0,210.787
r-klecki,2023,4943.0,321.27
r-krupski,2023,13288.0,777.394
r-lahojski,2023,28299.0,1455.924
r-lubanski,2023,5767.0,321.464
r-maladziechanski,2023,19692.0,986.294
r-minski,2023,117254.0,1997.64
r-miadzielski,2023,12408.0,835.201
r-niasvizhski,2023,6639.0,368.046
r-puchavicki,2023,15286.0,792.12
r-salihorski,2023,17328.0,725.993
r-slucki,2023,9650.0,444.275
r-smalavicki,2023,37132.0,1132.596
r-staradarozhski,2023,3552.0,216.461
r-staubcouski,2023,3223.0,205.901
r-uzdzienski,2023,3666.0,256.473
r-chervienski,2023,7914.0,454.354
r-asipovicki,2023,5465.0,288.084
r-babrujski,2023,10072.0,382.137
r-bychauski,2023,3116.0,140.192
r-bialynicki,2023,1710.0,121.903
r-hluski,2023,809.0,54.509
r-horacki,2023,4181.0,223.945
r-drybinski,2023,791.0,56.998
r-kasciukovicki,2023,2551.0,118.584
r-kirauski,2023,2381.0,144.202
r-klimavicki,2023,3397.0,146.966
r-klichauski,2023,923.0,67.113
r-krasnapolski,2023,378.0,27.746
r-kruhlanski,2023,707.0,50.781
r-krychauski,2023,6441.0,271.983
r-mahilouski,2023,28551.0,794.432
r-mscislauski,2023,1462.0,104.735
r-slauharadski,2023,1138.0,68.712
r-chocimski,2023,7.0,0.512
r-chavuski,2023,1873.0,117.928
r-cherykauski,2023,899.0,56.723
r-shklouski,2023,4963.0,256.098
BY-HM,2023,26445.0,215.072
BY,2023,1110195.0,45651.686
r-baranavicki,2024,14778.0,559.0
r-brescki,2024,24757.0,691.408
r-biarozauski,2024,8097.0,403.77
r-hancavicki,2024,2134.0,105.179
r-drahichynski,2024,2155.0,158.675
r-zhabinkauski,2024,3701.0,249.13
r-ivanauski,2024,3826.0,238.84
r-ivacevicki,2024,5585.0,329.522
r-kamianiecki,2024,4393.0,321.983
r-kobrynski,2024,5383.0,249.866
r-luniniecki,2024,9912.0,440.055
r-lachavicki,2024,2318.0,169.547
r-malarycki,2024,2619.0,193.911
r-pinski,2024,13136.0,651.03
r-pruzhanski,2024,4613.0,329.782
r-stolinski,2024,8154.0,485.831
r-arshanski,2024,30319.0,1084.837
r-bieshankovicki,2024,1985.0,121.216
r-braslauski,2024,5102.0,308.393
r-vierchniadzvinski,2024,5059.0,289.954
r-viciebski,2024,40471.0,1188.805
r-haradocki,2024,4908.0,273.014
r-hlybocki,2024,5553.0,288.592
r-dokshycki,2024,5533.0,310.805
r-dubrovienski,2024,6463.0,316.703
r-loznienski,2024,6683.0,410.903
r-lepielski,2024,5080.0,251.808
r-mijorski,2024,4776.0,223.451
r-pastauski,2024,5086.0,259.918
r-polacki,2024,36779.0,902.084
r-rasonski,2024,2272.0,139.376
r-siennienski,2024,4720.0,292.094
r-talachynski,2024,3965.0,252.275
r-ushacki,2024,937.0,59.955
r-chashnicki,2024,4519.0,216.988
r-sharkoushchynski,2024,4455.0,235.128
r-shumilinski,2024,4535.0,242.562
r-akciabrski,2024,8502.0,553.726
r-brahinski,2024,5476.0,392.034
r-buda-kashalouski,2024,6590.0,429.611
r-vietkauski,2024,4948.0,300.788
r-homielski,2024,50698.0,1694.363
r-dobrushski,2024,5571.0,345.045
r-jelski,2024,4681.0,311.329
r-zhlobinski,2024,13401.0,523.592
r-zhytkavicki,2024,5241.0,331.811
r-kalinkavicki,2024,12230.0,640.461
r-karmianski,2024,5647.0,357.914
r-lelchycki,2024,3540.0,247.613
r-lojeuski,2024,2052.0,134.042
r-mazyrski,2024,20721.0,533.361
r-naraulanski,2024,2604.0,143.146
r-pietrykauski,2024,5693.0,334.953
r-rahachouski,2024,6865.0,427.781
r-rechycki,2024,15228.0,739.557
r-svietlahorski,2024,12490.0,567.395
r-chojnicki,2024,3053.0,198.469
r-chacherski,2024,1066.0,69.54
r-astraviecki,2024,12285.0,566.847
r-ashmianski,2024,7948.0,342.903
r-bierastavicki,2024,4250.0,283.823
r-vaukavyski,2024,9624.0,452.223
r-voranauski,2024,4902.0,319.895
r-hrodzienski,2024,37189.0,1351.029
r-dziatlauski,2024,5697.0,371.095
r-zelvienski,2024,3206.0,207.37
r-iujeuski,2024,4042.0,268.006
r-karelicki,2024,7364.0,470.655
r-lidski,2024,13579.0,524.534
r-mastouski,2024,4480.0,224.185
r-navahrudski,2024,7158.0,372.65
r-svislacki,2024,2464.0,162.194
r-slonimski,2024,6278.0,289.898
r-smarhonski,2024,9017.0,403.767
r-shchuchynski,2024,6751.0,438.606
r-barysauski,2024,35803.0,1528.256
r-biarezinski,2024,10385.0,625.002
r-valozhynski,2024,8286.0,502.629
r-vilejski,2024,11519.0,666.461
r-dziarzhynski,2024,21025.0,916.077
r-kapylski,2024,6980.0,463.02
r-klecki,2024,7243.0,460.189
r-krupski,2024,9436.0,561.81
r-lahojski,2024,22457.0,1168.325
r-lubanski,2024,9028.0,514.113
r-maladziechanski,2024,19833.0,916.761
r-minski,2024,120476.0,1983.156
r-miadzielski,2024,6546.0,433.826
r-niasvizhski,2024,9388.0,504.14
r-puchavicki,2024,22611.0,1119.969
r-salihorski,2024,22461.0,1008.744
r-slucki,2024,18731.0,885.718
r-smalavicki,2024,41899.0,1226.674
r-staradarozhski,2024,8628.0,504.464
r-staubcouski,2024,12339.0,685.113
r-uzdzienski,2024,6576.0,405.086
r-chervienski,2024,12080.0,657.414
r-asipovicki,2024,7859.0,403.083
r-babrujski,2024,15589.0,583.145
r-bychauski,2024,4288.0,172.458
r-bialynicki,2024,2693.0,174.627
r-hluski,2024,1424.0,85.682
r-horacki,2024,4510.0,209.386
r-drybinski,2024,1258.0,73.639
r-kasciukovicki,2024,3626.0,138.107
r-kirauski,2024,8773.0,379.331
r-klimavicki,2024,3778.0,182.71
r-klichauski,2024,2725.0,176.164
r-krasnapolski,2024,1131.0,74.506
r-kruhlanski,2024,865.0,59.334
r-krychauski,2024,6455.0,262.333
r-mahilouski,2024,35720.0,1016.707
r-mscislauski,2024,2394.0,129.018
r-slauharadski,2024,1531.0,91.797
r-chocimski,2024,1027.0,71.303
r-chavuski,2024,2273.0,120.974
r-cherykauski,2024,1628.0,98.121
r-shklouski,2024,5715.0,292.438
BY-HM,2024,26560.0,215.072
BY,2024,1237128.0,52528.846
